Timestamp,Solar_Irradiance,Temperature,Humidity,Wind_Speed,Panel_Angle,Energy_Output,Energy_Output_Class
2024-01-01 00:00:00,499.63209507788997,19.530826654141503,70.53419064026136,12.621713296271398,6.210683335153467,117.09006284977151,Low
2024-01-01 01:00:00,960.571445127933,16.662406684169436,49.93751973741141,7.069307510972468,84.6706068452797,478.95786296500336,High
2024-01-01 02:00:00,785.595153449124,33.528016232251474,88.13280289397548,14.686574070227318,45.622839416565114,190.09822628784386,Low
2024-01-01 03:00:00,678.9267873576293,29.3618278294978,25.94348105026473,9.512132074436053,36.84708646353165,503.0674467525893,High
2024-01-01 04:00:00,324.81491235394924,36.0457194189568,72.33633570035481,1.8939711234675412,72.97907229071266,506.47171739468854,High
2024-01-01 05:00:00,324.79561626896214,18.494309415657238,85.43037606832992,10.14266343113151,75.22433351194644,307.2994677289822,Medium
2024-01-01 06:00:00,246.46688973455957,34.88168279649726,95.0152797526621,4.876560231475485,29.897192980404416,85.46138763418544,Low
2024-01-01 07:00:00,892.9409166199481,20.040683001193614,71.49232254606812,10.294907950291462,62.425625172641574,244.30836640128402,Medium
2024-01-01 08:00:00,680.892009394567,19.091398571642614,54.74572876075846,1.0446172224360861,69.40105342666979,443.4117594153431,High
2024-01-01 09:00:00,766.4580622368364,19.106644948274823,65.60625161810924,2.6232215576393907,58.91856181793591,232.05351339832293,Medium
2024-01-01 10:00:00,216.46759543664194,35.364368005784556,88.20144860308464,12.836058883586794,13.643556732008943,54.98829734966678,Low
2024-01-01 11:00:00,975.9278817295955,31.629930517405004,61.35487719749467,3.4076933553527233,78.82947751653514,344.2848239973655,Medium
2024-01-01 12:00:00,865.9541126403374,28.076635619227982,12.734835372715317,12.5556168786441,48.51850974624078,475.19475428090925,High
2024-01-01 13:00:00,369.87128854262096,23.970762103087562,93.78538259562801,4.189141326816157,25.42251837330033,418.546326805267,High
2024-01-01 14:00:00,345.4599737656805,36.930013520327705,72.0574075928405,9.643228650880614,38.27053668939245,107.77255510917533,Low
2024-01-01 15:00:00,346.72360788274705,24.811127685565886,70.88620471995219,10.412258602647466,3.381398135901664,353.97902328067465,Medium
2024-01-01 16:00:00,443.39379436763016,35.41498598678943,29.410763715794545,7.6898212971757935,11.50801211001758,133.55572835955826,Low
2024-01-01 17:00:00,619.8051453057903,25.97837271425546,69.29969232093916,4.5796601504509695,68.89920754642748,149.5838208402128,Low
2024-01-01 18:00:00,545.5560149136926,24.423610735622688,45.44779650887426,3.189665645566442,0.0010471279829527003,464.3138143464927,High
2024-01-01 19:00:00,432.98331215843353,26.56699464174016,68.61096793373429,0.4978403184363933,37.490924563406296,150.09096302100247,Low
2024-01-01 20:00:00,689.4823157779035,22.534446854103553,19.593372727719164,4.559196018610857,47.02591629770296,173.30301964134924,Low
2024-01-01 21:00:00,311.59508852163344,33.69023450440628,69.20607741427324,9.797441857969245,4.9170978000875065,16.24692614546207,Low
2024-01-01 22:00:00,433.71571882817454,27.56800975231198,99.94723531935999,14.07457227672724,87.57703466750996,465.46108890275843,High
2024-01-01 23:00:00,493.0894746349534,20.80531737867043,14.339083497450043,13.068067233945781,20.351279812470473,423.18188075206615,High
2024-01-02 00:00:00,564.8559873736287,37.48936433186421,97.94567657991855,11.49097164802954,27.37788476726528,345.3438362767793,Medium
2024-01-02 01:00:00,828.1407691144109,24.597280534330284,46.621716465058356,11.82671014879948,27.354826102952458,421.5740641424506,High
2024-01-02 02:00:00,359.7390257266878,28.588821527849717,88.36781053035332,9.97477355213993,20.73749959056149,95.6690323094061,Low
2024-01-02 03:00:00,611.3875507308893,37.661802774113674,80.4146935652446,3.904302863490045,0.13264398776802744,259.74919635984344,Medium
2024-01-02 04:00:00,673.931655089634,30.605949897849804,61.0314634888001,13.607925460587447,65.64103146791967,219.13684731308678,Medium
2024-01-02 05:00:00,237.16033017599818,17.9224510177091,76.46042883261939,10.060984678587511,87.01609498193568,63.33222759653968,Low
2024-01-02 06:00:00,686.0358815211507,38.49580309033688,89.06640051712131,8.4066094647066,20.186413495654055,280.4445042340177,Medium
2024-01-02 07:00:00,336.4192989498332,30.692701326785446,46.37262894859297,1.6648420382022162,59.674247262308015,481.6520275475526,High
2024-01-02 08:00:00,252.0412743882236,23.372640366427152,39.43298454069148,6.705833157096381,66.77066942628436,36.371393158970754,Low
2024-01-02 09:00:00,959.1084298026666,18.48180181658468,70.08340470072262,6.905374068028895,76.35828411814722,209.9605168999152,Medium
2024-01-02 10:00:00,972.5056264596475,34.8506297317574,82.70613477471328,12.96845414284005,38.03662773122482,160.61593486587128,Low
2024-01-02 11:00:00,846.7178784931689,30.50181889821284,78.60566212989542,8.199723302816826,27.263781507638633,166.53916103258416,Low
2024-01-02 12:00:00,443.69101533869656,28.33652729940804,81.80322839727711,5.706008234556145,29.276562062072802,479.2884372726108,High
2024-01-02 13:00:00,278.1376912051071,37.347314576273945,49.20249833316397,14.65200492765989,64.13591997886616,251.90554872323094,Medium
2024-01-02 14:00:00,747.3864212097255,34.714930280613274,83.60507945575195,1.660808899894735,73.51015198550725,282.7280251781804,Medium
2024-01-02 15:00:00,552.121994991681,18.79187199331878,20.81881498335476,6.338226424679169,16.34525709809424,409.8993823011478,High
2024-01-02 16:00:00,297.63058787582304,22.793051694888707,59.00401881647646,0.6303701275710794,33.38469073419887,94.33569920275897,Low
2024-01-02 17:00:00,596.1415280890162,21.212228495361643,10.518279444830942,11.098561811503956,81.17461770742351,284.19343359717516,Medium
2024-01-02 18:00:00,227.51081689217472,33.598657314316924,39.21272469102433,13.771148282987259,72.60241677252652,230.03877793808607,Medium
2024-01-02 19:00:00,927.4563216630256,15.838310868394485,42.98153813842581,4.200559943257342,88.63725624862282,363.0964243881795,Medium
2024-01-02 20:00:00,407.02398528001356,29.24724212178291,45.655542244832986,12.875125151986813,67.88234337138726,526.2699935401463,High
2024-01-02 21:00:00,730.0178274831856,34.06146714351726,72.5920486020876,4.383273456928467,35.38756809251301,426.9661285438072,High
2024-01-02 22:00:00,449.3688608715288,36.91914091904374,44.97022911433112,13.661552424658728,53.1574050595174,226.709579565286,Medium
2024-01-02 23:00:00,616.0544169422486,23.55204371789769,50.38242603602776,11.30942855395176,59.49128288225883,452.7236620039529,High
2024-01-03 00:00:00,637.3682234746237,35.531432616800316,31.378971778689472,12.07360165262158,7.061023468541156,118.22269771531721,Low
2024-01-03 01:00:00,347.88356442042164,17.76579342388018,43.59266124664061,0.2700983340068175,49.00472631934786,36.414452234483804,Low
2024-01-03 02:00:00,975.6677022116469,36.16130729336295,30.454266453683633,14.442155356110389,63.83887456253486,164.84879979965353,Low
2024-01-03 03:00:00,820.1062586888917,18.18721655829956,16.587633139159927,10.900064881054849,15.058917360095434,213.95551596403953,Medium
2024-01-03 04:00:00,951.5991532513513,24.93218226400918,64.31037340432401,4.571266430792,70.25685456830014,317.7273060184137,Medium
2024-01-03 05:00:00,915.8618803421191,34.932384144488836,70.13915186995146,12.440919972882703,52.539550246270046,364.0507690167899,Medium
2024-01-03 06:00:00,678.3199830488682,18.747935683719344,65.7541311408653,4.222817976223949,85.69996071278352,502.1370790703174,High
2024-01-03 07:00:00,937.4993880184935,20.731284880816037,51.71446394205151,13.09130759349192,3.818006838620253,302.5973917482995,Medium
2024-01-03 08:00:00,270.7940016415356,33.05631420982665,44.18072021613068,1.6887058561790553,23.879352379992028,265.6144969255162,Medium
2024-01-03 09:00:00,356.7862899353162,33.00091341365186,87.70002846146427,10.555289661911937,54.13984913698417,47.2533429440885,Low
2024-01-03 10:00:00,236.18183112843045,31.028690822132432,56.71736066225962,8.110477149673654,26.690392098533763,30.665709146615093,Low
2024-01-03 11:00:00,460.26426461061146,32.3487111116775,53.126368986675786,1.448017052931612,64.2981747664118,305.16967243864264,Medium
2024-01-03 12:00:00,510.9418317515856,28.568111083689907,12.307785922579212,3.6284074238825847,68.3104754269738,252.39254919896922,Medium
2024-01-03 13:00:00,417.0792254191167,21.294976472673817,40.71230448635407,0.18606054415972184,9.226436765982701,441.2993043388239,High
2024-01-03 14:00:00,862.9900073215434,23.642399837597985,44.21760569072713,7.031519481967587,46.24690177860909,132.35831807855988,Low
2024-01-03 15:00:00,485.40266135487144,19.539942920035642,45.894050280721046,4.518978911400006,45.80015000319503,41.696300726713524,Low
2024-01-03 16:00:00,424.7476077499046,37.71126403334071,62.215513230459905,8.975362264466382,33.2352693193987,248.89378682730003,Medium
2024-01-03 17:00:00,634.1568665265988,29.58479486915301,58.02422920541906,4.458567115629258,83.96323763127049,162.27953585349752,Low
2024-01-03 18:00:00,312.7393799798101,25.021285419090997,64.71145835141002,4.49878667260477,74.47556878858991,45.620031936539746,Low
2024-01-03 19:00:00,841.7575846032317,26.550145091103317,78.83949353879154,11.14789798097405,62.74884437186731,416.1246483595554,High
2024-01-03 20:00:00,259.64051494381664,38.68208349029538,83.16871648444841,0.7221425396753017,64.28939721614978,72.48788843662095,Low
2024-01-03 21:00:00,989.5095492804138,18.833785077902004,74.6310768603845,13.543424927879808,41.55445294318072,362.77267813510673,Medium
2024-01-03 22:00:00,817.7958154373259,29.65574580041993,95.99713263594413,12.783958115867723,82.88950689869183,196.47837516318054,Low
2024-01-03 23:00:00,358.97254522733795,27.64721697211165,11.640932440872547,10.017070248396097,62.51358845279569,109.68346620736556,Low
2024-01-04 00:00:00,204.41769369888192,30.286355885866193,27.620018711519148,8.898323551610764,65.60829554902348,203.0769786920797,Medium
2024-01-04 01:00:00,852.3691427638673,15.452754595521013,10.68065874803279,13.384537472094783,77.55218134086107,458.030919989443,High
2024-01-04 02:00:00,765.4858750780937,36.803097723603784,68.27272427391426,2.7799526929307166,24.66644304079719,238.51704081422406,Medium
2024-01-04 03:00:00,783.2057344327899,38.302957062090314,90.82274940549883,1.1845374328624292,72.63638134800327,427.1871625272125,High
2024-01-04 04:00:00,817.0162773487566,29.12832958973022,31.913406691866935,3.5926525486430716,17.571654266084284,106.78425727930997,Low
2024-01-04 05:00:00,259.2357213872723,32.4162705969223,93.4331090316676,11.918674180502855,31.080775702039904,401.137995304213,High
2024-01-04 06:00:00,486.77258283541806,38.062484529432396,15.424065126060476,0.5200540008972498,30.204940884285843,146.0726109481252,Low
2024-01-04 07:00:00,292.69524762010377,32.68096585783496,94.09924241249628,8.742102526252344,88.06729215502266,359.0595224108963,Medium
2024-01-04 08:00:00,890.4827407004748,18.813476072856535,41.6460418515671,14.93156274286965,77.08835013731341,342.6695467458225,Medium
2024-01-04 09:00:00,698.6385014620464,29.40720900417033,19.127874560429486,12.835441407563092,63.105287543123374,509.30156890638136,High
2024-01-04 10:00:00,464.71841988211935,30.1678761595714,53.72845832676931,7.821685335653842,65.4351085453851,223.6547133702133,Medium
2024-01-04 11:00:00,250.8466802288189,25.60326678255965,33.109891094845715,0.9546136392996352,50.586551496231394,48.44481031911758,Low
2024-01-04 12:00:00,448.7858573725298,33.411105890618074,35.638561176573056,12.470602715785647,85.23816003976671,40.5178535852093,Low
2024-01-04 13:00:00,460.14665762139765,38.35917536922537,37.65609684336579,8.984677622658158,44.66328775941254,441.0036494965301,High
2024-01-04 14:00:00,783.6849426704513,38.13921282266941,82.27233080493971,1.7239949558935024,34.246593888290505,307.51618595712824,Medium
2024-01-04 15:00:00,710.0459770841705,26.270984285103303,58.52451490077291,1.407859272350343,14.67318032384319,425.43957647389993,High
2024-01-04 16:00:00,909.7701940610613,17.830951146018883,38.01769292404033,13.644402291548886,70.75850870349522,177.00663908539934,Low
2024-01-04 17:00:00,577.7719401295594,39.62102997405836,64.93004049798265,10.038003944071177,66.09995388680323,209.91729167412876,Medium
2024-01-04 18:00:00,295.67539675064137,35.972452161148354,74.45356068008742,12.439301989751334,34.59195346717214,32.108592513366176,Low
2024-01-04 19:00:00,770.595829778396,18.116567030081672,34.53616006601804,13.18468350423401,2.2674072563306424,519.6642325706731,High
2024-01-04 20:00:00,808.6280388935179,38.02104706543431,47.21941913728163,8.576585280724833,75.50975949462097,387.93409057007295,Medium
2024-01-04 21:00:00,649.021758055597,36.747409051553205,20.96974840032528,7.761695276325619,1.027618510866627,499.20184217632925,High
2024-01-04 22:00:00,816.7737439636488,27.970951428151803,26.303441458121227,6.456411154814853,63.33298016661458,185.0821609853989,Low
2024-01-04 23:00:00,595.0364770915126,29.781885893623233,71.30060685684845,4.754198816866789,87.32313987534513,347.0303969162938,Medium
2024-01-05 00:00:00,618.1862635055952,24.975067596753256,26.329451292606425,6.518939412880677,39.38951953333831,375.57042174417535,Medium
2024-01-05 01:00:00,542.0328146868396,16.369040970550785,57.26470453003542,11.608194835952347,21.14760644963575,188.42375678486633,Low
2024-01-05 02:00:00,220.33530139527616,23.379931041147522,73.81416355501895,9.028851465226973,63.438390903904356,438.17754190643285,High
2024-01-05 03:00:00,286.3131415946435,35.071336214950286,19.618923078526947,13.38784934932269,73.54153278140267,492.5754790383736,High
2024-01-05 04:00:00,225.1433485493874,15.115800575115072,61.058099766601316,6.650700215687816,49.17872844700626,456.14522929768486,High
2024-01-05 05:00:00,709.1283290110243,23.337479292278605,33.09065053312274,9.106343680781311,87.03317477305316,418.70494659697965,High
2024-01-05 06:00:00,451.48478486106137,24.954217339773585,96.66341877138218,9.46961329637983,4.6501849492164995,161.7731319391659,Low
2024-01-05 07:00:00,606.8565529317623,28.434890073448074,53.51910820479323,8.875457434594884,45.43160384740753,177.27761903384823,Low
2024-01-05 08:00:00,926.0531791408744,37.99639041031901,82.53932947976423,10.539506596282745,64.6608552590295,541.2893504197498,High
2024-01-05 09:00:00,399.4337833190999,23.65864985914903,59.52038879406356,3.561502025622094,77.63764240342611,32.00529207450676,Low
2024-01-05 10:00:00,528.3063384285038,23.673830047405694,13.907127956933724,7.6854566631868595,16.133005071701103,386.3343410618927,Medium
2024-01-05 11:00:00,804.4409108344389,33.43753120274371,66.98362380346201,1.563372042125215,72.00031335873133,406.216237410167,High
2024-01-05 12:00:00,383.03853239329794,26.30544852224518,95.62630079859913,5.767669914672188,49.743636814669074,334.73085923709607,Medium
2024-01-05 13:00:00,261.5839278630344,20.61512057349955,64.1450638131698,7.315006029318966,35.68983137909669,510.2082608314543,High
2024-01-05 14:00:00,431.80116233101444,26.310987903317333,83.72699734841112,9.783363893182088,11.85435257211842,178.66727004715165,Low
2024-01-05 15:00:00,328.97702980320355,18.521425509494996,89.5785817013567,14.257965788793053,77.87661830180211,192.12803196012754,Low
2024-01-05 16:00:00,943.7581218740585,19.409674662655583,30.527179475403923,9.009765998225339,14.154588736174382,89.62616491843661,Low
2024-01-05 17:00:00,846.4963036515336,27.459194318486993,29.0840355917404,11.153908742648397,27.88090732881893,268.9685690091779,Medium
2024-01-05 18:00:00,706.7230052083387,25.473136237613698,64.98828899658926,7.5939908924280415,26.10409787661932,169.9600503777559,Low
2024-01-05 19:00:00,897.1684721501741,37.8711475267025,46.99256228260342,9.51156047064497,78.42726307717689,232.1878786496354,Medium
2024-01-05 20:00:00,842.9376615192916,24.059847477915827,85.58751725800484,1.0639832420066013,60.54326947880082,470.77371198048786,High
2024-01-05 21:00:00,349.2560471088287,29.514708756951087,91.002081105821,3.8158737126277047,71.7013257472235,490.7699750309533,High
2024-01-05 22:00:00,914.0471987919822,30.80660719798826,41.807924137244626,5.4277963980770805,22.542110891324906,143.14768556776386,Low
2024-01-05 23:00:00,631.4737935325206,15.32736141470834,31.318350307703387,7.087400325097704,56.2386689646299,225.71998781653997,Medium
2024-01-06 00:00:00,845.95212413125,31.588434300417767,80.24729637194757,0.684731182535756,51.45713848293738,516.2862818423389,High
2024-01-06 01:00:00,916.8730399387946,19.450899171743785,34.73254319933225,2.100361463299765,74.9547339109444,92.01987672793572,Low
2024-01-06 02:00:00,454.4027799774911,39.026757936736374,84.03528866623105,4.152214616869586,81.54783544331345,77.13497263825018,Low
2024-01-06 03:00:00,288.0415396221414,18.716568193827825,48.13644282838865,14.57299036351576,1.0941094329648127,95.86760468768537,Low
2024-01-06 04:00:00,382.34813003355333,25.365603093175594,70.07949093623233,4.9702051065457615,60.66179271529134,321.87802867826497,Medium
2024-01-06 05:00:00,541.686230901005,17.133741701966095,18.59817824512014,7.230615871681238,4.665221920775612,102.88202182106714,Low
2024-01-06 06:00:00,854.4118127379945,39.92185629614868,66.14733922089158,2.9414656910758943,49.39727985696203,536.1378079015805,High
2024-01-06 07:00:00,888.5844666050748,27.554875258281065,50.65909108635062,9.161701066136525,25.88694561393104,272.89820646182267,Medium
2024-01-06 08:00:00,205.56170442495255,29.884625433001094,62.79476168579267,4.210248232739614,27.609893956992707,262.29829580984006,Medium
2024-01-06 09:00:00,608.5978420620526,16.676911934710688,25.12127869703771,3.104888676576402,31.766265310712093,158.055395676577,Low
2024-01-06 10:00:00,533.9288025190232,33.749011759979446,76.31863704497638,7.748589426689686,55.91632041446491,268.8110850100213,Medium
2024-01-06 11:00:00,377.6862483765842,20.247639827389644,87.65173697889057,0.08258698740631232,30.064496910189227,352.3644503034103,Medium
2024-01-06 12:00:00,295.89229386694626,37.45135723601784,29.506582008169808,0.11496048973837991,65.94291455312523,394.7191832262345,Medium
2024-01-06 13:00:00,470.0921371229024,20.12849101205018,18.614309996814555,3.286032136527867,36.40746470164827,404.2419510752848,High
2024-01-06 14:00:00,954.3277631300153,19.767193016591662,12.127472744170277,0.5508204375123171,6.151788027896275,337.96657163863654,Medium
2024-01-06 15:00:00,458.5623456166042,15.913741696202372,67.77743503989393,1.6203863119603708,70.53838582356966,482.29605981315103,High
2024-01-06 16:00:00,615.0324973946929,26.80167362774998,64.63846324799027,5.0829097400812735,25.71824921334354,442.9705616433008,High
2024-01-06 17:00:00,762.4151671161422,29.121028331565412,59.2027671442663,12.038785193697192,38.949019163933635,423.2437763617599,High
2024-01-06 18:00:00,490.9036819034352,16.642715985708808,30.875238650437787,8.580729650539512,61.689949489971134,59.07768345563847,Low
2024-01-06 19:00:00,977.4256661767686,34.38819041737526,45.18153963149632,7.690015889346246,29.921054143384083,58.809288036176056,Low
2024-01-06 20:00:00,969.957835953689,26.332220868700688,63.50287016675557,4.402332348121824,5.092709053204406,155.81924440706268,Low
2024-01-06 21:00:00,401.42583666029134,28.1097567331895,54.709017297325246,13.976305791492246,33.652894231153226,354.8351201725809,Medium
2024-01-06 22:00:00,597.7988047139083,26.019068673455706,98.90069681933986,5.955225618557875,85.0003724424873,246.78048935393633,Medium
2024-01-06 23:00:00,440.7026478534157,25.01907652188315,22.27957773010598,1.3063915019365724,57.75609575687024,228.89454300448847,Medium
2024-01-07 00:00:00,427.8723955019741,28.991008282705447,72.56300986428344,9.255997741767018,60.43312338004862,469.4332117273028,High
2024-01-07 01:00:00,229.50955788362623,18.88100614826781,46.38868912938629,1.707575902149021,56.905393827387584,462.1591979108823,High
2024-01-07 02:00:00,687.6514671839175,19.548203262381776,48.53796534330533,5.178347142025381,17.90929250634931,491.70695011225916,High
2024-01-07 03:00:00,602.1432185830893,36.54464052533793,74.58379890923587,7.611179080767133,37.65004776920521,192.0841371741251,Low
2024-01-07 04:00:00,241.18300099999146,38.65288655334082,72.31925361919326,13.113337870277636,67.58458185269865,361.2093347024223,Medium
2024-01-07 05:00:00,422.91717138928914,24.332732906993826,99.21303943319695,7.40319870510178,9.123560779784324,157.81989598842364,Low
2024-01-07 06:00:00,926.612708773323,21.768616828588844,21.55548605087127,10.533881490474965,25.006749848074104,146.78479024574457,Low
2024-01-07 07:00:00,391.64951253357793,31.099988580975396,19.36986844457497,14.892252584986055,24.868719761926826,114.0631091830508,Low
2024-01-07 08:00:00,315.9158976729785,25.21835427745241,75.1904935415867,1.9723367984697244,38.88170348350554,189.57923826190066,Low
2024-01-07 09:00:00,591.5622082220505,15.634658891508622,62.05482253057682,4.120972882792793,88.23318668479665,256.15590224628596,Medium
2024-01-07 10:00:00,988.5203632884806,18.90381493415476,34.67445999038253,5.918641133964696,6.075229201543975,466.235156531374,High
2024-01-07 11:00:00,393.6442172092003,32.89930572118494,17.147743209008794,6.3274226780824705,46.68308949425355,83.71143053478772,Low
2024-01-07 12:00:00,737.7084379247028,31.473098547753786,17.70924246367875,6.165316128983187,16.14282138109894,406.994722381404,High
2024-01-07 13:00:00,809.2956922629741,15.677399812587087,90.47717871977065,13.614165038348323,87.36088908687697,321.9035286434176,Medium
2024-01-07 14:00:00,390.11003519391977,20.549304048323737,27.268059224686862,10.710489667002847,10.197315425471778,164.36218978202874,Low
2024-01-07 15:00:00,782.5730788894876,20.776869914701784,39.10344059039687,9.118578211360557,36.32409021254321,291.85539179210656,Medium
2024-01-07 16:00:00,494.22650617540256,31.79731858996821,30.399076200428922,4.640590767941731,66.40964863511455,181.9760065575634,Low
2024-01-07 17:00:00,705.8446644748635,15.492763443859104,41.94966752487436,12.35685576331942,63.40989852247007,343.2793305200024,Medium
2024-01-07 18:00:00,706.8237686087157,17.602714549614348,16.248145847148404,14.325907672274834,38.0455773204539,258.2390428226218,Medium
2024-01-07 19:00:00,628.6197472598068,34.997902134329735,56.715381181744334,12.317974238253399,31.18717511574464,117.99039059998677,Low
2024-01-07 20:00:00,272.23181604352663,19.463616551358342,16.085130723299343,0.023476577872093563,35.78511406975835,74.06798287792138,Low
2024-01-07 21:00:00,868.2419964713904,31.31865269629687,82.03208570401254,9.546020552751106,23.784863684277536,321.34905586653167,Medium
2024-01-07 22:00:00,456.62405197738866,20.954569526168164,31.034087371938973,0.7670307216315109,18.479964483611983,475.9129184114556,High
2024-01-07 23:00:00,349.2148083198834,17.48603481898363,58.601072314405954,3.8641083050058276,43.473572780300096,192.8132760027154,Low
2024-01-08 00:00:00,232.62011324381115,21.07930477498635,89.20711788053124,0.8928705052165753,24.16803804608466,379.3803863284268,Medium
2024-01-08 01:00:00,672.7143545505935,33.05667329639148,68.57896321424747,9.056931794240816,25.87154984075251,366.833986964601,Medium
2024-01-08 02:00:00,742.0514894738259,36.39241170265714,57.966200789620174,10.298848702389101,59.10804571271014,512.6269679308771,High
2024-01-08 03:00:00,213.27026314228493,35.75549661417479,39.190037780383804,1.7173145709885769,87.16835985299029,425.28522603857994,High
2024-01-08 04:00:00,609.6744466394248,24.92958824046137,39.97017217523781,5.7575832456746925,54.32734805034376,321.1467953091429,Medium
2024-01-08 05:00:00,381.19662015835036,31.702128414266156,70.25382596783712,6.84354763433313,6.928152035846965,348.1619663783063,Medium
2024-01-08 06:00:00,716.1382323275599,20.124607385395525,99.47254250990508,5.535795326413749,6.802525246866028,486.08271122076303,High
2024-01-08 07:00:00,339.49314320399316,22.328693256525334,69.56552708644408,1.8153750072778956,85.62808987610094,223.1940826489096,Medium
2024-01-08 08:00:00,752.7501904819727,37.40839546302799,60.20050756330224,6.284216852812131,26.756171127660025,205.51057643363498,Medium
2024-01-08 09:00:00,509.3882770404299,15.325048087768401,75.75854592153215,11.267670717126272,8.286028747422788,31.812912537876816,Low
2024-01-08 10:00:00,949.3839909893876,17.1377132713617,51.86850510553463,1.065114967998832,53.91401284353434,472.11920346378986,High
2024-01-08 11:00:00,310.0167553167946,20.197156378650682,15.412810834070669,1.2027002112285516,56.12839004612395,419.8580193815788,High
2024-01-08 12:00:00,472.8530808402068,15.663305096845493,60.60671342901188,5.321569377539763,58.365433810681935,82.00286313474295,Low
2024-01-08 13:00:00,290.77881699247126,19.535885877244933,96.18627560548421,14.125885674283875,24.066182507178716,304.52272832240976,Medium
2024-01-08 14:00:00,939.7548946228502,29.576039024242306,25.777264812189365,10.02858970084371,1.359961579302753,279.26260060361926,Medium
2024-01-08 15:00:00,901.8714827047849,25.53561376481245,72.10044017385991,10.180049350088472,86.85138325090247,121.85451873145118,Low
2024-01-08 16:00:00,406.3533021721245,37.31679277692437,28.084031979315082,5.428799862567974,22.580374112199223,512.64080299114,High
2024-01-08 17:00:00,727.9872368273433,35.436089043461024,58.22449160257732,8.904911868128076,60.84236592472927,153.59007576228527,Low
2024-01-08 18:00:00,853.7777601609727,23.5454337924469,18.700880468204765,0.15196776041615068,63.596688289083865,88.3720754046869,Low
2024-01-08 19:00:00,644.1606492795698,21.485585835782313,50.53338426323666,9.541440696143134,54.900667537153716,337.4905776919588,Medium
2024-01-08 20:00:00,623.7204626848052,24.49231020418167,78.05469960057215,13.69930421364355,28.16166547922834,404.52269659468527,High
2024-01-08 21:00:00,393.48183272036135,29.757373562870193,41.28143718150839,9.188602025172287,24.39866283876592,38.02924367510573,Low
2024-01-08 22:00:00,274.4822142447194,21.701591020571907,69.84205520384963,13.105478901995175,53.79014544324328,346.3639163481486,Medium
2024-01-08 23:00:00,917.7726063626613,30.603722696228353,81.59049647107562,10.859595831991408,77.94860702505224,327.93214523424274,Medium
2024-01-09 00:00:00,920.3344457306644,25.23529130478101,93.44600375315073,1.8083762460553539,85.2060356031056,115.0754599573222,Low
2024-01-09 01:00:00,706.4811658186143,28.801179521299506,31.117787366990818,13.536799609287625,9.531522396338186,123.08240588735424,Low
2024-01-09 02:00:00,471.22383283896056,25.903163228382915,45.938432422837735,0.9966576653366233,13.934575133794787,309.00751894521704,Medium
2024-01-09 03:00:00,479.36765969012873,22.361643988547943,23.71744119973757,8.009512088216457,85.02626329047717,181.20470992909566,Low
2024-01-09 04:00:00,780.7645430961915,38.71133267405392,99.32351519425377,2.132056856901865,66.28817055013133,519.6973033009689,High
2024-01-09 05:00:00,917.6882079620617,34.09014485399402,93.43008711318657,0.17559916096356099,79.46944423467957,471.46078555512054,High
2024-01-09 06:00:00,909.6691394120938,18.502829394161314,58.59614172525036,6.3305139019145855,18.236937072180883,540.9536333056502,High
2024-01-09 07:00:00,823.900436686099,36.711699397447816,85.78299649387792,4.425610614812344,52.882728399846165,180.7126864254643,Low
2024-01-09 08:00:00,713.6253169234302,27.18577995623784,56.8862179544838,7.290007406964046,63.102563497572625,530.5501015506347,High
2024-01-09 09:00:00,267.31197199603906,37.363805672352285,66.12271192024838,8.657998301018262,61.21006969022754,232.61857448111638,Medium
2024-01-09 10:00:00,329.302971275691,34.996381398682885,18.021198890441497,0.6560860846342104,36.73365217800283,192.9126575113339,Low
2024-01-09 11:00:00,918.8433508216634,25.630337611730837,77.97433784471271,1.8450494268561846,1.385540252217763,71.39984090310337,Low
2024-01-09 12:00:00,685.1432477276719,15.561732708002936,21.494213527171134,8.37963594675638,52.46334511238368,68.62754835106408,Low
2024-01-09 13:00:00,207.35764129330371,21.71693398462365,84.34608672272755,5.147510297589873,22.77913852616479,357.42316080143235,Medium
2024-01-09 14:00:00,281.1772342928257,28.540855366521672,80.38252789033473,10.93760231324172,40.52288215286013,245.55538380483642,Medium
2024-01-09 15:00:00,730.8014152864447,30.836955495653683,73.78702279686789,9.784374728879095,86.18229135754356,163.79691500386878,Low
2024-01-09 16:00:00,204.04926707697496,21.447192135830058,13.254434247228591,12.684065444848603,35.913178587819125,318.8160737985204,Medium
2024-01-09 17:00:00,328.6464411339989,18.483901851820605,37.28155203507957,10.38739240003838,75.5821445997984,148.3813373675331,Low
2024-01-09 18:00:00,638.9870314932689,35.873255919982476,33.680131291975854,6.448966160852222,16.9686545174326,323.17472878654786,Medium
2024-01-09 19:00:00,753.5161581541546,39.61005451758881,42.41227667243672,10.094499335916487,60.5214448222526,227.41437841869788,Medium
2024-01-09 20:00:00,721.5690076020804,28.142254557567146,17.88784720874547,4.130717613831278,87.93062589950492,461.9541224567103,High
2024-01-09 21:00:00,379.4154475684478,19.291982146207587,94.32620407279565,4.59470248167319,9.170379078564311,430.0920490912489,High
2024-01-09 22:00:00,769.7433770780287,21.807683162984226,59.842201664113865,11.8347773988119,0.7487948004472811,277.29045232364314,Medium
2024-01-09 23:00:00,389.7992699974401,15.459766913686668,37.49718795922212,6.696292746023732,39.02245133693529,198.2797232884127,Low
2024-01-10 00:00:00,460.3197585274142,37.857470164012476,45.72833653668551,11.975705107775287,8.336293474623048,205.14863300575178,Medium
2024-01-10 01:00:00,797.1931240944193,17.94377707225353,50.24822864543521,12.336335605024177,67.35459147086083,454.6490561936652,High
2024-01-10 02:00:00,719.7063192377717,29.41291188785634,64.05349000245556,12.863435064919257,82.3093797463703,213.23918641313998,Medium
2024-01-10 03:00:00,879.3787283953424,21.85138051718015,56.4111484926848,13.74952853761811,39.061887543788295,156.1319994947409,Low
2024-01-10 04:00:00,726.0903138402747,28.854450062894834,92.74527758929756,6.464778307699444,23.284047793989686,82.40564697860269,Low
2024-01-10 05:00:00,654.6468826683773,31.285509708796607,54.726713461524724,4.783002274817083,39.09629871059488,271.76652014779256,Medium
2024-01-10 06:00:00,274.939814262474,35.74354509268004,99.29422133409814,8.732981198911707,65.1103036065001,258.79113234641005,Medium
2024-01-10 07:00:00,494.1726424475468,20.16053179401508,86.62824619705862,5.5675863515644135,0.8148745422333881,445.25247370289725,High
2024-01-10 08:00:00,412.16189414538036,15.274895716462012,28.765946292160223,9.016112502003494,53.050859053622744,136.0864523866523,Low
2024-01-10 09:00:00,395.1917147032668,18.422140751720182,93.75356931795247,10.58378793965737,55.196251639864116,215.10257842064127,Medium
2024-01-10 10:00:00,978.4084438019564,37.50046604620263,20.472975809692848,10.326075277382053,57.39194222063419,465.6016829424683,High
2024-01-10 11:00:00,514.4781797334083,36.847251939062886,83.57047376420724,5.618293305301821,21.781987198278948,440.0260159444343,High
2024-01-10 12:00:00,913.6372441416906,29.935327554257707,44.256096412892205,2.5029030254812925,64.2647451040314,251.03510344364986,Medium
2024-01-10 13:00:00,704.9109007978103,30.012921510841334,89.01768884005625,6.457940076933113,8.225233769859877,266.0960137823386,Medium
2024-01-10 14:00:00,835.8490428333188,31.625916863656386,88.12510210967054,2.138912161228631,17.934330282012073,196.76659596632436,Low
2024-01-10 15:00:00,602.1096744841536,19.38428196558624,82.5332860105859,13.351455527757125,78.97230419890337,506.9495870170782,High
2024-01-10 16:00:00,661.5231077010873,37.860298648123994,81.10273926763553,5.188161911067861,66.48508356539097,102.17168694383206,Low
2024-01-10 17:00:00,594.0141550550911,25.469263122301825,37.42112251882367,2.3168962083498568,1.2370998610210726,496.7387203265259,High
2024-01-10 18:00:00,356.19439023843563,24.578463206237437,17.282735474612696,0.38171639858626316,22.35386343328202,361.5123500418359,Medium
2024-01-10 19:00:00,777.9616922092042,27.97294263207094,46.268216088864534,9.687335794297264,19.29658346938481,308.02016156042555,Medium
2024-01-10 20:00:00,424.61788995268466,16.174149169376378,25.61720634878578,9.55353476182115,24.37256952332753,39.86020912182005,Low
2024-01-10 21:00:00,219.45277314516306,19.157084218901986,72.54559800122155,5.109062498719375,22.280379325189777,249.8572881304043,Medium
2024-01-10 22:00:00,716.3778367257343,33.45084041065926,41.1489753884007,1.075678332714765,5.627366616856117,240.58879338730753,Medium
2024-01-10 23:00:00,341.68854352563915,17.069966698128162,97.80491807739234,6.14443342342848,41.30464649371383,100.83012749746067,Low
2024-01-11 00:00:00,952.3668674823315,30.078802736659703,67.68748696107988,4.668262425950903,65.94601273075486,389.7797668060759,Medium
2024-01-11 01:00:00,963.1428616020698,21.133727742033024,84.02325072709249,10.156809596025141,54.605855224569275,545.4199833556286,High
2024-01-11 02:00:00,931.8915121763588,24.732390351049414,21.927220546766357,9.086688741790356,60.55845017382718,340.2298490760904,Medium
2024-01-11 03:00:00,496.1269602043555,22.217343419267497,87.58130340453603,5.4689059229631,7.3034260682615235,382.98819213759595,Medium
2024-01-11 04:00:00,212.36529322309394,23.89181791162373,93.0481471462055,3.2683883138248513,85.63416391591085,48.88476301747795,Low
2024-01-11 05:00:00,942.6548500701803,32.97614762960614,53.83557269370423,14.820539492333879,75.46426504587224,271.7744082903337,Medium
2024-01-11 06:00:00,542.5473186538514,22.428042890579377,64.56276439758797,6.810024317941723,72.45812866460965,94.04260038642045,Low
2024-01-11 07:00:00,973.3238552349356,29.16011600742243,78.83288208126959,10.324113536703555,74.06854245375908,371.08470592838535,Medium
2024-01-11 08:00:00,970.8959816714023,26.90126005497749,25.73547645343713,2.1082945136754114,83.94394573194852,535.8971758788232,High
2024-01-11 09:00:00,882.407564373888,31.591779134066204,55.23094688170982,7.283845494890967,48.982856950232794,384.61432078729797,Medium
2024-01-11 10:00:00,435.5591136556685,38.420743483118954,45.87967249950818,0.4130507980419823,18.02538160808633,61.92417300366603,Low
2024-01-11 11:00:00,508.0781828815402,33.31430243025626,23.17365929460242,7.581826768656749,55.5105247067287,209.00449753079522,Medium
2024-01-11 12:00:00,880.9093372134855,20.37350946476892,43.07809800623783,14.460261106765536,66.85933443011452,332.46538146540377,Medium
2024-01-11 13:00:00,453.53760412502214,15.779578376532116,16.135507844694423,5.763100694787004,66.41256540186228,230.97422400535652,Medium
2024-01-11 14:00:00,335.594197348874,21.556601107495627,12.323071625453828,0.5849401886236738,46.93041217501921,437.1016204395026,High
2024-01-11 15:00:00,645.4410099666801,29.87694826750637,22.16496602393405,0.46433686379015293,6.161284740022025,440.4912741522824,High
2024-01-11 16:00:00,948.9238193286247,16.28564533710626,96.68036004302564,5.819801399203042,33.4001644587115,360.4048591567897,Medium
2024-01-11 17:00:00,756.8238373399784,27.40915618003091,59.45765823055153,2.4003740469479107,82.86899476170215,238.50732679158665,Medium
2024-01-11 18:00:00,656.048936071492,29.92107122292223,96.9239945037898,0.3502814449227887,52.60040187816834,168.13917539388672,Low
2024-01-11 19:00:00,277.7411950166148,23.356097270424023,48.924809049711875,11.343204209252653,48.44987489301421,69.81455800210456,Low
2024-01-11 20:00:00,692.0057813593357,34.272805093645545,38.06345197767336,6.8778451332283606,24.196816294397415,215.77009453706887,Medium
2024-01-11 21:00:00,992.0430800834106,17.664956328344296,55.55276765562197,4.338671579589818,33.1604027924921,263.49875663537927,Medium
2024-01-11 22:00:00,312.0672121892192,16.87844454339522,49.55605197696191,13.50124774524721,80.58114802378523,359.1029863212288,Medium
2024-01-11 23:00:00,614.6637218909893,33.20471890509008,19.509821583556953,1.7420844030078841,59.981674277415216,368.0061113892493,Medium
2024-01-12 00:00:00,901.8984575423643,27.38728290515496,67.67436832211857,14.338782434329788,70.86483240770995,94.35185559608266,Low
2024-01-12 01:00:00,792.6148942033635,32.2100599106934,29.443436425863965,4.709500760660292,40.89108807608896,244.46282141447813,Medium
2024-01-12 02:00:00,757.6125927962144,25.870683465093656,65.76291594080466,13.326055084630218,56.722249751054214,138.31972784918736,Low
2024-01-12 03:00:00,761.9872671896874,21.16005083097767,68.51809831583381,9.044143147191923,22.35452478688868,120.2910189627062,Low
2024-01-12 04:00:00,487.59292097580413,35.477557941855,23.68223678157833,12.400610396122312,63.49147472551376,444.910275054852,High
2024-01-12 05:00:00,434.87347541159465,34.985396974224486,15.521466439960134,14.760197448156964,38.48412003330036,46.42033169027256,Low
2024-01-12 06:00:00,847.4889243828109,32.367411771360665,80.26854274615958,4.326081567281186,39.8290963333271,259.46693261701694,Medium
2024-01-12 07:00:00,848.0907157433446,21.803628430749068,51.382038139238816,14.417032281113894,58.43900921191935,137.52004837039712,Low
2024-01-12 08:00:00,893.657854864083,29.755766671727176,15.234741595492821,5.842228423536305,84.2652559322034,501.08229121709576,High
2024-01-12 09:00:00,930.592442045177,24.02434742350067,99.53796854527904,5.782678571053835,5.760571194775883,326.2411551877145,Medium
2024-01-12 10:00:00,609.0739190887502,17.289551833165852,15.200250489672998,5.105806563817586,74.22689136123068,156.19060605911923,Low
2024-01-12 11:00:00,601.2130357497597,37.93283938655607,72.55317059726978,8.121114110213778,26.31447993709738,284.7899861189336,Medium
2024-01-12 12:00:00,838.6361431734201,18.420465772974033,98.53110327370723,2.3121756476773063,39.95275090557401,415.12072499436647,High
2024-01-12 13:00:00,719.9711446222121,38.75593384552006,31.526209379433304,8.305672280370167,1.972199589750806,515.3731009788401,High
2024-01-12 14:00:00,761.5735018061627,26.150144323948894,22.802443181847657,8.12557218615006,27.09414700508817,152.88705152704338,Low
2024-01-12 15:00:00,836.6341355488809,19.62832322096549,20.9246445480186,11.42852718907305,45.236811836711745,493.332961945671,High
2024-01-12 16:00:00,912.0042734540531,28.54752368445895,37.294763281083604,12.504749429063784,5.055846961269511,513.7769272085828,High
2024-01-12 17:00:00,470.39612548122864,36.82364589691021,19.0941229909582,6.60662025468636,44.19861564448486,486.35026910693887,High
2024-01-12 18:00:00,500.4663621119552,33.305622160239025,72.29452075247187,4.534998740272406,83.43995659725846,352.0102502105548,Medium
2024-01-12 19:00:00,275.1855518726952,35.16402869653624,15.606261831705641,3.890023459756417,9.48538962970247,329.2496586287613,Medium
2024-01-12 20:00:00,662.6241127969392,31.469584167767934,55.84799153348107,2.919357550573079,68.7996655267954,244.8672594162959,Medium
2024-01-12 21:00:00,228.75381903739367,32.306914112946316,99.70271684676791,0.8647137329853732,36.87039480383934,389.51090846394027,Medium
2024-01-12 22:00:00,572.4784145059682,36.22989128913298,83.25732425554169,5.1367196825207,58.96563430719042,301.77238608710195,Medium
2024-01-12 23:00:00,634.1157077660613,21.241700221479647,65.36974944079098,4.053715381961749,23.42129381867064,373.725223292811,Medium
2024-01-13 00:00:00,429.2330017026275,27.235624091078513,37.56282587079505,14.49626078799611,14.354303628722246,237.05978886150854,Medium
2024-01-13 01:00:00,672.6666084552086,20.530236045490057,66.15062526624746,8.365632393750658,14.44163528441038,401.54031929484364,High
2024-01-13 02:00:00,224.40019995123953,39.69170019991617,57.433731752048644,5.209155585457613,6.344275107883019,423.77213693378195,High
2024-01-13 03:00:00,229.87855099937153,38.60148349216533,48.347504550133436,8.70701401490544,16.708203441111873,85.56557976178675,Low
2024-01-13 04:00:00,858.0804485277266,15.985670284212647,21.76393390661795,2.0879505201854327,59.77974464900714,470.7679535693432,High
2024-01-13 05:00:00,488.1525131290103,32.63937931289221,89.79437937164201,6.660656238033043,79.35215506591572,303.1638813110774,Medium
2024-01-13 06:00:00,301.6484101215078,38.13120793539164,50.48061839391902,9.393514821315957,73.27131170320456,442.3269694251407,High
2024-01-13 07:00:00,617.7946080438435,19.51438362818334,27.516026063868857,7.333467476886771,61.66208788870357,255.0060292212254,Medium
2024-01-13 08:00:00,815.9948424788887,29.198630763815736,43.09834157895607,6.026682009814864,9.93886770699924,232.1222214352378,Medium
2024-01-13 09:00:00,372.65682199747454,37.887207439701044,47.27167772760343,14.907725833495473,26.026870166635486,478.3185608524492,High
2024-01-13 10:00:00,698.3123806552003,15.848649464644971,84.47841060101868,13.204721432233905,27.88261877902221,164.82709233995632,Low
2024-01-13 11:00:00,268.2779719950144,32.435506681171,76.02529425052619,9.351089372391602,22.49612517578591,436.8612200961347,High
2024-01-13 12:00:00,241.34537693488616,22.43372518431377,79.23744042772059,8.540660417734241,46.35050937387508,256.56343980277126,Medium
2024-01-13 13:00:00,625.0837052545185,38.10990488441326,10.992813798578249,9.30990719736876,48.199843339170535,294.99722579771935,Medium
2024-01-13 14:00:00,632.5080972880852,39.27645612913419,47.45385983617854,3.0196816173364986,32.11973776539992,190.3742109912319,Low
2024-01-13 15:00:00,709.9439211985652,38.60666222783585,53.32097364717912,5.927066148964779,31.841024286279243,327.0417056220539,Medium
2024-01-13 16:00:00,780.8730669781293,26.855355416436595,11.727304914075102,0.5918929933634898,74.57000381154732,214.5891865049885,Medium
2024-01-13 17:00:00,980.6816635700277,36.55106627473283,33.38318878705308,7.1331905623024,71.0363563487717,84.14969077000904,Low
2024-01-13 18:00:00,613.0402786409563,36.11373496337676,78.42608408099215,8.145368759364947,27.70162485126711,170.42514145258764,Low
2024-01-13 19:00:00,458.3651783529968,22.97751183108139,22.339873515609916,3.4162460415481437,82.24095994859334,34.48475668200266,Low
2024-01-13 20:00:00,836.148955814963,35.72288685376694,58.17791183073325,14.460432707482706,85.75335153022554,546.9187469502057,High
2024-01-13 21:00:00,416.6658010096594,15.925190867887316,29.368168481551375,13.64181916405863,29.406828782703673,506.4297438203343,High
2024-01-13 22:00:00,551.1771365645088,29.906746962051326,11.090869717950394,10.832148531838588,31.89824539137494,229.04352413243353,Medium
2024-01-13 23:00:00,262.7651050738128,20.750220932192576,31.708131183958734,8.000799431480438,45.5070738079763,379.98094265257026,Medium
2024-01-14 00:00:00,220.280594732366,18.01417214443197,97.82863794190484,13.049537394715275,84.70087312803062,188.0632919878293,Low
2024-01-14 01:00:00,970.1187317423401,16.92383004073023,82.13834006946907,1.9597851573519436,78.86874898280804,401.05519307172875,High
2024-01-14 02:00:00,868.7840964097646,32.407219396953494,96.361897988893,11.857646914123276,9.231116632523083,447.93641463735327,High
2024-01-14 03:00:00,756.7793648749583,23.49687409420165,53.90686395337262,1.8723122095027245,35.345766894427456,517.1613010390646,High
2024-01-14 04:00:00,527.1623555314159,33.11916928821904,19.876257880975317,11.913159938241082,49.80340707747946,232.29858489884103,Medium
2024-01-14 05:00:00,338.6354560566766,16.63390851997356,59.31635400763236,4.136513523770354,45.28192252963861,411.98833416684596,High
2024-01-14 06:00:00,325.1496341368688,22.88225844576526,50.89396011039648,13.156358715272834,17.44767611432034,150.48239713514945,Low
2024-01-14 07:00:00,400.19431853167623,28.48728230938343,85.99213744656544,14.160631407380967,77.29350940513392,522.0497396730323,High
2024-01-14 08:00:00,639.3813317648965,34.76807912097409,18.827432270582015,2.2319395410767346,60.92467046971536,53.51033195759019,Low
2024-01-14 09:00:00,771.6767381600499,22.968812573301747,53.94170233196004,6.940134075980903,75.41175373666232,353.2801281902155,Medium
2024-01-14 10:00:00,728.157901374185,30.647284410925227,23.50437982245858,14.714810672440276,77.2887851414525,378.66720580289734,Medium
2024-01-14 11:00:00,423.9471175567543,37.14944370590467,39.22083342010539,7.251111539597199,67.35202682991658,371.56540055626846,Medium
2024-01-14 12:00:00,963.8922245305553,30.396579704557617,76.36213696490196,12.953212837718176,39.52895411247456,116.85543429059213,Low
2024-01-14 13:00:00,790.3175333566148,20.823986868840844,52.84163164318899,8.830972831969797,54.94920795138821,518.4312845128495,High
2024-01-14 14:00:00,643.4832420091205,15.61001953891345,43.82994566311924,5.629948618794028,14.432886550776884,124.82965065421826,Low
2024-01-14 15:00:00,689.3765969874818,36.752471847523246,45.50286507130318,4.286753332888053,60.62808757274169,355.1334391787959,Medium
2024-01-14 16:00:00,535.6800499422319,15.531735271259679,51.350209156538796,3.048346366291309,16.132793016535267,140.04248991838858,Low
2024-01-14 17:00:00,398.18479160092596,36.867541817104986,80.65148894533512,11.426972870665459,62.455463145914116,179.04385155225845,Low
2024-01-14 18:00:00,484.77814292100925,28.2234283506803,90.2876220046211,5.798107602345418,20.66383446785718,299.6942614098804,Medium
2024-01-14 19:00:00,806.2768883714953,38.476692462822406,95.98012178535355,7.6691319330112675,10.579617013519798,250.80613163104584,Medium
2024-01-14 20:00:00,211.51479090380468,34.96958089434163,80.82130476297655,7.384882200017729,14.875604112866169,91.38774232088797,Low
2024-01-14 21:00:00,292.858112405533,39.94835276333343,38.38662061732114,8.65918543849697,0.1792921697163241,100.12277508989906,Low
2024-01-14 22:00:00,236.8021136174022,23.767795386292754,71.93212354778879,12.983657184368283,64.68656560681772,224.31648097523555,Medium
2024-01-14 23:00:00,232.5830418551761,34.17970722327817,49.384281164985275,14.71109015375144,65.91609441525412,393.67752250746753,Medium
2024-01-15 00:00:00,884.3684672088058,25.048272840231053,32.92035598414461,6.113763128607254,46.34400149219335,502.3085631318843,High
2024-01-15 01:00:00,762.9262875040189,26.99689050759772,85.67844214833303,12.412783831594545,14.522652094984533,82.67230395990103,Low
2024-01-15 02:00:00,579.3390632698602,30.68763658045925,13.458371406609249,11.467916919820764,7.519890375962078,226.48703277570507,Medium
2024-01-15 03:00:00,278.2673285208012,36.841927854658465,91.15857929218812,8.602934271833599,1.7216069793558308,64.14260761523573,Low
2024-01-15 04:00:00,593.2927000934659,39.602086729982375,51.53297181622607,14.340707154178997,14.917335926869864,39.92761898991755,Low
2024-01-15 05:00:00,578.7774166244526,34.206835346612955,67.34813291274523,3.0071177329260417,80.17699814848321,370.11035345566376,Medium
2024-01-15 06:00:00,338.56149592801216,25.444169554183343,69.34185299852044,1.6389631546443213,21.738315753151358,319.78829726865945,Medium
2024-01-15 07:00:00,547.0813193903784,25.533925056926755,90.56059666358827,12.809429504331332,31.88441944954941,112.73992737928552,Low
2024-01-15 08:00:00,518.8037875178987,33.43955753972229,67.30027139504867,6.587247249506224,9.481093603319987,143.93967864936346,Low
2024-01-15 09:00:00,692.6800784417732,20.969428644207557,65.25402262840555,12.704532813105907,20.012517427335325,49.5683856646554,Low
2024-01-15 10:00:00,708.074920694115,17.761852828284866,15.998683650462096,13.396353077931224,46.73021137021846,460.2303468174602,High
2024-01-15 11:00:00,236.2432078176356,23.865553941019414,56.656721975068365,0.9368639042860716,54.697741478608734,502.0290072834434,High
2024-01-15 12:00:00,499.690091701177,22.180974791352043,23.51521007353375,13.251971444790911,22.081708274958995,95.16627538970044,Low
2024-01-15 13:00:00,700.6879325713892,22.407703011399754,76.3690391849337,6.724785830541332,5.195894330260549,151.5810480570251,Low
2024-01-15 14:00:00,602.5090068640702,20.840193776247748,56.0999728731407,7.656487335063483,35.19295822146588,469.0422288292537,High
2024-01-15 15:00:00,885.1918729506579,16.052329740909048,71.2205001287518,9.398887666398153,21.078303383370073,511.6377910368581,High
2024-01-15 16:00:00,726.954905295156,15.446848368335345,13.750561054214584,13.895739100951301,19.759853090682174,249.35355269753697,Medium
2024-01-15 17:00:00,330.34754166514375,39.69305974340079,17.63128144412229,0.28674141644646045,86.38765224421097,48.17037956203835,Low
2024-01-15 18:00:00,256.4549979203439,25.694328343396556,74.4691049256414,7.1526520247672565,55.467043733315165,35.67973353915467,Low
2024-01-15 19:00:00,713.9354225650525,24.608166178992043,16.487590239880603,10.31583063645841,50.11905988548863,330.62320909562663,Medium
2024-01-15 20:00:00,221.20904843329745,31.991182067326747,16.413105498873275,10.840604365473427,37.41975931709897,209.34747116850738,Medium
2024-01-15 21:00:00,668.6204650187706,20.456347196626602,11.08976277113987,10.38798647305662,38.60499000871298,53.493256233470376,Low
2024-01-15 22:00:00,952.184193139966,38.749029598755634,96.0851258469532,2.016526941121828,48.68145034542727,349.5362297061754,Medium
2024-01-15 23:00:00,660.3793423007032,34.6586253603888,76.37575235131062,4.490933825575219,62.67868263324965,47.8683925681286,Low
2024-01-16 00:00:00,510.53594096521755,17.235275057806486,41.79262676518577,5.380732881255202,63.19314865636465,426.38219248108226,High
2024-01-16 01:00:00,714.6305747538826,25.43951939462321,36.68820231588897,12.066558115192574,15.452451693490461,191.4018944082856,Low
2024-01-16 02:00:00,566.6023123932133,36.97795768905412,41.47329067712646,4.181398086218295,45.01014768689643,54.12641795995573,Low
2024-01-16 03:00:00,636.4934314527479,38.61830055728525,79.71881780630636,3.1605744580080475,37.07622855306918,331.2449544946739,Medium
2024-01-16 04:00:00,953.1718470212202,26.68503778124674,69.5233549963373,14.361720285571442,78.34742696424458,263.09603549400373,Medium
2024-01-16 05:00:00,508.8821102406194,30.335284730267695,26.667601108072112,0.1329492767020335,56.82770290965387,518.770668052115,High
2024-01-16 06:00:00,968.9524510591314,19.17584865230188,25.66984018006759,14.967312835229674,47.92536597743836,330.8663762118621,Medium
2024-01-16 07:00:00,924.2805135648509,39.779215653424416,18.85560847420576,10.152319482860934,10.385517796102564,185.96675657946193,Low
2024-01-16 08:00:00,356.63290783143714,20.791792534586087,69.42724477312044,12.427039491736757,54.50741003910703,376.87088573980526,Medium
2024-01-16 09:00:00,255.48904070013236,38.56829435337814,78.79353959995623,4.4192909451928974,10.548351511221007,149.1193395749333,Low
2024-01-16 10:00:00,280.6224011019413,31.241166224809213,33.85417854925036,0.21472916500589967,30.348591800917685,468.0453201369321,High
2024-01-16 11:00:00,214.57746052123977,30.19341987197148,11.885046492782154,11.068042778422951,12.855776833289868,198.7028716010647,Low
2024-01-16 12:00:00,275.5543686047427,27.817212775412713,17.39545007287846,12.512168955010136,62.2866282321932,292.52607815501534,Medium
2024-01-16 13:00:00,746.4054187330855,20.766745292943966,97.10740313605274,11.107141979302787,18.562690245253734,65.68577675661786,Low
2024-01-16 14:00:00,256.9509187681832,19.41320080013771,36.59002997296783,2.142754309512579,35.26734358692234,227.92193743389632,Medium
2024-01-16 15:00:00,455.18050423500904,20.512155226754384,79.23008330543203,11.301418833854536,80.61072998569009,447.0946689803899,High
2024-01-16 16:00:00,875.9002487755637,19.66095655360636,66.21972119688374,11.533841731614615,18.388474505907325,450.1986305414108,High
2024-01-16 17:00:00,218.6175485886607,34.48961183916883,44.37456756876063,9.878107735050824,45.70245575629012,125.31045882106768,Low
2024-01-16 18:00:00,851.5747860711487,23.753131479168253,28.51185359759996,11.491738991933794,37.73444950494198,162.75909831210177,Low
2024-01-16 19:00:00,425.48381981871995,16.44606691408491,20.92477763434658,12.688821595165983,1.631163694115676,430.08107682184817,High
2024-01-16 20:00:00,294.531862097325,39.22756575352028,65.35116712349799,9.204061713561876,71.34823022155315,484.5956536571963,High
2024-01-16 21:00:00,757.3897322913206,37.09464712408564,79.71704025740092,1.329070709545186,6.2141315683139755,86.59584046105633,Low
2024-01-16 22:00:00,703.1542774239072,38.19380707988032,67.95138281870176,7.3144171450081625,42.682951887925825,266.8565225161022,Medium
2024-01-16 23:00:00,901.9776108216423,39.872695566160886,57.727191992424245,1.1647400200740758,50.46104654450549,223.94040540136834,Medium
2024-01-17 00:00:00,788.0568350431087,19.347381230487184,13.775610108847264,6.113145465486463,56.55838109531284,484.65178477001604,High
2024-01-17 01:00:00,842.7847443078789,24.90605047256647,97.16398998349455,6.106597336884414,61.9768466377088,95.50905918797446,Low
2024-01-17 02:00:00,425.6276580570452,33.95596189260228,81.88427724891172,0.9901476621036237,22.79451451704436,129.00034881085693,Low
2024-01-17 03:00:00,341.9516350237783,32.4005154513448,36.35398330308683,5.23230800954219,0.8980898992604436,393.399995724314,Medium
2024-01-17 04:00:00,800.4918013126867,18.847397658496376,98.19732964229655,1.6649714818697225,65.10992961194208,77.25372896477674,Low
2024-01-17 05:00:00,845.4677914138113,35.395828124765444,64.16934306726898,12.123528150138332,48.20909394128207,297.5986879679678,Medium
2024-01-17 06:00:00,992.4041136005386,20.61101429591652,62.418039238652185,14.215320389467061,75.25059328865238,287.26905598222913,Medium
2024-01-17 07:00:00,530.0941415291412,20.595440370565576,77.3265861486579,1.084747128869079,73.92495266106249,202.4135597527088,Medium
2024-01-17 08:00:00,497.6144686342265,28.42436057233534,83.05928092811239,14.326728109375521,75.89935510090949,230.55990714855534,Medium
2024-01-17 09:00:00,821.1303685935975,29.82349837104258,69.08307465983523,7.838648990051177,43.65851939815862,313.9933310338321,Medium
2024-01-17 10:00:00,472.6428322024143,29.502155195945278,21.528617172958,4.493485169308109,30.026555625317908,107.46956220254197,Low
2024-01-17 11:00:00,944.6058604828518,17.287170934943873,40.44407553950485,1.1529311291424527,71.2402382332233,348.1824425075606,Medium
2024-01-17 12:00:00,886.7302014744095,36.936521565759506,93.52752762934448,7.5093640210562675,40.616470172632944,455.0561971191266,High
2024-01-17 13:00:00,543.1952219000148,21.64000106471765,30.215405065946673,11.91773316736123,16.509797676309105,409.233124481704,High
2024-01-17 14:00:00,800.6968542331979,18.237873032070105,43.4950321453762,10.606297159000473,76.9476617605327,130.67629521682645,Low
2024-01-17 15:00:00,803.6342992677459,37.218701996724434,48.88691946497764,0.7533901719596064,79.43038890951125,128.99155759675972,Low
2024-01-17 16:00:00,282.4990950687461,38.891287455743836,49.5464490725007,1.0935275305185526,41.96787805261531,150.84678030852047,Low
2024-01-17 17:00:00,922.0423253436534,36.55319043163627,65.1645624245073,6.043099239489557,6.8129754578808726,228.03544648963322,Medium
2024-01-17 18:00:00,604.2018979582857,35.23790186812195,94.87682539702368,4.429357410719149,34.90434809252381,239.12439079426662,Medium
2024-01-17 19:00:00,861.1659728861933,31.381049515975544,31.662344064925446,3.4857648458407176,72.31838935163431,396.74649286621843,Medium
2024-01-17 20:00:00,456.0396808244894,28.771434265228482,20.935123867082623,4.215067483630704,81.15966256916059,59.367094927222894,Low
2024-01-17 21:00:00,916.4185827969604,17.174668997785254,27.77234408739436,12.05224114945327,18.312546824783624,66.88660529923038,Low
2024-01-17 22:00:00,511.3613429873305,25.211330326767467,89.82324101883425,13.938420804477808,6.027625082274437,222.20830294512015,Medium
2024-01-17 23:00:00,208.6701211842387,24.31721292530785,68.12297313896855,6.076540417913496,78.96154078195548,362.67688863572766,Medium
2024-01-18 00:00:00,924.3055811354109,21.493844594008156,35.73161103152441,13.591665031987455,35.04644450809877,150.13153370340922,Low
2024-01-18 01:00:00,273.02934142890683,33.08550284221462,83.43522450717555,4.82243551871823,48.758486784080695,337.36204048528845,Medium
2024-01-18 02:00:00,455.4509100723319,27.39689337696927,87.52329967270924,7.146554795156874,87.1259230845683,161.50474357593492,Low
2024-01-18 03:00:00,960.049573640644,17.0261553976912,86.18629048212502,3.3904349672399956,5.990825512280057,492.3236418618615,High
2024-01-18 04:00:00,960.4857175500449,20.504580048745282,92.7033880275599,9.607140632637659,58.348620670688604,508.32326174257537,High
2024-01-18 05:00:00,658.7503104986289,32.08146909148989,32.701691815602544,14.684716727622133,6.6694880317380365,182.5574570682112,Low
2024-01-18 06:00:00,705.4697697358395,16.903271487257506,77.95377358716505,9.05239644065068,33.79220356198503,155.56800503857673,Low
2024-01-18 07:00:00,558.7564175826558,36.28017285121922,51.4485547546726,5.367211261703233,72.3433090674102,242.57253762571088,Medium
2024-01-18 08:00:00,434.56861735845166,27.37866317534936,85.77986976010554,9.717261689857926,39.012500948007094,145.76169203503488,Low
2024-01-18 09:00:00,462.9316362959328,27.0146644331662,75.5641609445452,1.8438101769808135,89.74641185126553,368.57104863620293,Medium
2024-01-18 10:00:00,738.0147648616307,29.81019461648794,79.88027018497522,13.32988620398098,50.315335645194196,458.18496065169586,High
2024-01-18 11:00:00,801.899623550144,35.61702414812873,69.05456539129644,7.5462592616975455,28.904593737235814,381.79184281906225,Medium
2024-01-18 12:00:00,833.2632349806788,23.695230197554828,25.968589252273617,6.740246130594631,19.81001933142778,457.5065988832943,High
2024-01-18 13:00:00,831.694514235643,31.95040381397659,59.05242270072445,8.787971826802789,31.54684808575456,245.91132692537417,Medium
2024-01-18 14:00:00,272.96488243895226,29.143299099894776,98.62027655720574,9.371757941841036,33.52799463835957,93.84049950190551,Low
2024-01-18 15:00:00,595.5362437620652,21.675706754235534,94.36492598474071,1.0766370933976954,6.184230995156488,399.5707155974354,Medium
2024-01-18 16:00:00,246.04700801331543,36.96574965887895,13.885636221731051,10.239258318351036,33.261677948409584,194.3582554916002,Low
2024-01-18 17:00:00,639.6231058589884,34.9356505401732,24.833333415649342,3.628975204732944,41.781466776530245,373.5553215846153,Medium
2024-01-18 18:00:00,553.2244010987016,31.461295866460638,21.85558961091057,10.709289487598847,65.04639770149242,170.9799142484926,Low
2024-01-18 19:00:00,910.1633462066399,36.26454322735604,75.3381918986766,12.338021915762951,59.105653624944715,98.07760682100395,Low
2024-01-18 20:00:00,480.73201004166293,36.68235502399506,83.60067968712505,12.059377613287804,63.78890897062388,527.142025007701,High
2024-01-18 21:00:00,293.6536131420847,32.70907441787587,29.216022967960473,8.287514511118337,0.7527313689171389,92.83255513045009,Low
2024-01-18 22:00:00,314.3933456422687,35.925333209091804,55.52674236566461,7.802548384661268,19.590065962248243,511.2988279036815,High
2024-01-18 23:00:00,809.2085053739778,32.43678654173209,85.663272521008,2.1431394200911758,59.551585955987086,539.8092026328324,High
2024-01-19 00:00:00,694.5744506530089,32.00351929400751,75.95213902896255,11.630192256047033,43.559043136177245,438.3611074771772,High
2024-01-19 01:00:00,280.8981408982322,30.46528445537961,58.80134849426634,4.0711407067007155,0.47821281015113515,343.7862389946493,Medium
2024-01-19 02:00:00,267.28544489199794,33.81791598894103,63.13129214128956,7.450431342269198,72.40451781886401,306.5683915384546,Medium
2024-01-19 03:00:00,760.775305167296,18.96512763232684,55.752449222465195,4.264111393912751,69.55286159613037,482.8482267264054,High
2024-01-19 04:00:00,258.2104050913548,37.02176897997321,36.77936061869385,2.007425444995397,49.357724669420634,160.46243174904032,Low
2024-01-19 05:00:00,857.4880474322849,36.7960881936308,60.85197935731145,9.443365453376048,5.981699319864491,277.8548387629678,Medium
2024-01-19 06:00:00,764.993781725197,15.731182075863979,71.99967718450816,0.8149805223435574,68.98635445793262,359.672258699335,Medium
2024-01-19 07:00:00,265.0790245135198,35.64541876411907,88.59906242747269,11.229678511892999,52.53422289582276,221.94379372904388,Medium
2024-01-19 08:00:00,267.8701712681535,18.22174668683613,67.26622185813233,4.76380192891675,70.37639794421632,231.32601066866454,Medium
2024-01-19 09:00:00,989.3116628009403,23.377971356478547,78.50093833388422,0.002020395067279801,67.65722931562564,229.48215823214392,Medium
2024-01-19 10:00:00,499.41663660489627,33.5877064072902,24.40644714591157,7.666937088558447,72.27018647620534,315.10739205179175,Medium
2024-01-19 11:00:00,496.51371765351274,19.018997401207706,51.54017269778109,0.7027786279140469,46.62072597641623,455.256912106735,High
2024-01-19 12:00:00,850.239653806002,35.44917560297655,10.839845784438397,4.142543367313492,12.629206637416349,145.66236108884348,Low
2024-01-19 13:00:00,957.7988619070869,35.80335444894355,32.20109780694607,10.604647311835743,60.40417260417198,527.9631397553451,High
2024-01-19 14:00:00,988.8008510582968,27.686693344020906,75.38155436017044,0.940344324327988,55.84264065467735,406.2543695614047,High
2024-01-19 15:00:00,802.7025482071533,15.159646792920839,99.26289562144271,12.590077385340035,66.80278684791784,463.68790424596455,High
2024-01-19 16:00:00,501.0076684247326,22.17595332937282,18.92602896284943,0.05729883987874662,15.289290544566178,304.847963471265,Medium
2024-01-19 17:00:00,266.800573358935,30.423172959393554,46.13448842751594,3.7023580380285335,17.54776799102603,404.1387692824619,High
2024-01-19 18:00:00,821.7175327419494,39.529654450685584,82.00638718292436,11.113560842281071,80.13685654973956,63.81937753921942,Low
2024-01-19 19:00:00,646.723399788644,30.79533817541671,28.363207116600897,4.744052245939602,67.49800186068637,451.22694621081837,High
2024-01-19 20:00:00,539.377607397581,21.495089526603994,59.95764543720576,1.528385820990203,81.74056398302906,56.835872096672325,Low
2024-01-19 21:00:00,925.0835080757888,30.85014257749028,75.97641664267073,5.403508782006418,68.28437890475287,505.2483642038841,High
2024-01-19 22:00:00,288.95798584492104,28.499634492896387,65.43869052341611,4.055899295767883,53.743977539127165,513.880328800679,High
2024-01-19 23:00:00,594.1000834326874,34.49613487877859,26.922226115387453,12.640678532408323,58.87194633250863,184.51114153290953,Low
2024-01-20 00:00:00,209.08291581393524,17.67451597067396,41.984611181716545,4.700218763777147,80.0215131546009,119.33145311097294,Low
2024-01-20 01:00:00,574.928513595301,34.025697562550704,80.54126060368574,11.833987076640108,52.09260790607465,418.0835577493948,High
2024-01-20 02:00:00,245.04262054546987,28.531664466902757,59.8803862718815,13.37808217216102,56.91521918955487,141.86455803387307,Low
2024-01-20 03:00:00,295.05433301445754,39.07480009647487,10.470665218862147,6.507261293647943,14.082904440324052,448.4572908982793,High
2024-01-20 04:00:00,294.0209974216839,23.54680415096715,78.48916840252845,13.64914715781588,42.652909810449245,68.9092017465793,Low
2024-01-20 05:00:00,719.3682416928508,30.815547328348703,13.178021944621516,5.659770809447893,64.4757400762289,109.25307688998436,Low
2024-01-20 06:00:00,796.8359034123387,38.30070263775043,77.1160404458109,14.461176247351622,24.384842848472886,533.7355101166427,High
2024-01-20 07:00:00,666.6950120777277,17.56274319976698,28.223250414871366,1.339342867883594,18.202876247208142,372.9510368054402,Medium
2024-01-20 08:00:00,969.7380387796335,38.43071218091128,96.22661321074422,10.305288997548642,28.2444127401974,478.0171100239384,High
2024-01-20 09:00:00,499.89646361896325,32.197143057520336,43.11466761718761,7.40721060685393,21.73505651935501,189.5740180546147,Low
2024-01-20 10:00:00,428.56966902548857,16.695926477629296,39.42384547042712,5.8147320818347055,19.342137333275627,361.5124589660583,Medium
2024-01-20 11:00:00,894.8793025515682,22.524089173670404,23.39992452992002,9.490678181229013,38.23657585812782,349.4686833009618,Medium
2024-01-20 12:00:00,378.8766708155621,32.704302216132035,37.50437939411934,10.557856374514968,81.70546624951807,327.3980702778184,Medium
2024-01-20 13:00:00,970.578031552489,16.683765036719294,88.89856856453805,0.06544904475463631,45.63536820648464,399.63795042271255,Medium
2024-01-20 14:00:00,209.72357975185307,29.55426150440683,99.67009038645226,2.5042963312079807,16.912834273379072,298.95399225160037,Medium
2024-01-20 15:00:00,975.9030613661113,23.64707642382392,43.14785774561635,10.69569075951478,6.927450244278667,264.82867547538365,Medium
2024-01-20 16:00:00,234.5279295604609,30.522887944186927,50.37495678590883,9.995781203673097,62.65405306241327,152.95310485569624,Low
2024-01-20 17:00:00,912.9144909584569,16.14355084531282,74.98638443824633,14.490712576930157,34.451888799274904,436.92564078802326,High
2024-01-20 18:00:00,622.1608872690399,36.78842015380941,89.75762024185671,11.415566853761746,73.96478519268233,154.47048078329914,Low
2024-01-20 19:00:00,994.3718368954403,39.33722422943492,63.37399007681057,14.261590615970071,59.355969177669316,409.01172361129204,High
2024-01-20 20:00:00,259.0372517883191,39.22194638214229,45.23731283600464,10.538107523022104,71.66173054872317,133.7433978562429,Low
2024-01-20 21:00:00,643.0834275210566,33.741295793573116,47.13596567637614,4.470783129591648,24.475143547660387,348.3169361758796,Medium
2024-01-20 22:00:00,975.4420284952791,18.2521560032658,72.60563318471262,1.5804738337628472,62.31230302149523,435.81835482472286,High
2024-01-20 23:00:00,618.478275336119,33.95657989822556,10.289643724385082,11.727357950174033,23.76557862243469,143.54719023757963,Low
2024-01-21 00:00:00,703.51891050821,15.614672911470038,65.76304037138567,9.66223832213874,84.51616315052624,78.36064462717404,Low
2024-01-21 01:00:00,756.5989511876937,15.553088788224931,41.99437093972217,0.7227901858994434,57.273685338003695,112.94642133589119,Low
2024-01-21 02:00:00,563.6328518142186,23.09025547873853,81.47775981493758,5.400756988514675,29.206062015780788,334.83823645382756,Medium
2024-01-21 03:00:00,702.0464640672508,27.216079760116642,18.369157584081893,14.351997232264292,24.256067606304537,463.60972331515967,High
2024-01-21 04:00:00,667.4514495384801,34.26018544519483,62.93820402535515,7.506017185653018,17.183392656447914,58.419667613866196,Low
2024-01-21 05:00:00,920.9264083927911,32.08238441516263,53.28756008975114,6.490937040295569,62.5176863004355,425.9162140083932,High
2024-01-21 06:00:00,236.3571042731663,26.14756765941871,67.80929733147048,6.8654940773894095,19.684405169813456,183.5110779676348,Low
2024-01-21 07:00:00,424.77055167378427,21.840666657041645,15.836823503467151,3.1332408600774557,53.57729393347402,265.56005847707496,Medium
2024-01-21 08:00:00,960.329187261247,39.92811250394278,62.198540868531815,5.5306075629719285,23.81715242328216,517.5289690924069,High
2024-01-21 09:00:00,912.2110271127331,25.654532555899323,60.533612916357136,5.547198839807649,59.57720503144817,223.67341114450232,Medium
2024-01-21 10:00:00,564.5254022285703,26.284675608241887,60.459408497455385,0.785325302812086,73.34457556864852,270.09582064209934,Medium
2024-01-21 11:00:00,696.1060782412294,19.090595529791727,64.31388999368093,11.513514427768774,70.02227188301879,52.47827330796409,Low
2024-01-21 12:00:00,421.9049463849061,34.87023871874823,70.8821143503726,6.247566478558185,68.47661978377036,68.31474612132921,Low
2024-01-21 13:00:00,350.49692777900907,32.34205564453721,82.44900997126928,12.33269830224635,16.895016512302686,148.13656448575085,Low
2024-01-21 14:00:00,570.9587239519858,20.51924031971901,34.28386481153929,12.75522001679843,7.954645228606684,43.48333973907339,Low
2024-01-21 15:00:00,482.68178242084224,17.059526140396066,84.25444691620558,3.179910820479871,62.905394563864704,346.5691494722726,Medium
2024-01-21 16:00:00,666.9248894806976,32.012482551867826,54.843011403710825,9.860302232551929,33.15124924149162,251.45862137185256,Medium
2024-01-21 17:00:00,262.18770957198785,31.36278035702838,16.935245122089803,7.084227062444725,38.911160376301254,289.44910417946613,Medium
2024-01-21 18:00:00,979.5158461329332,21.831488174955233,15.269583631958128,13.202351068822276,2.803418351405196,136.90960585448727,Low
2024-01-21 19:00:00,988.9685955836823,38.771589056260254,40.08144868264547,3.236110187646812,23.361880434754426,202.54870362721505,Medium
2024-01-21 20:00:00,758.5293712157961,18.776447294522505,80.64072794003208,10.167198004650663,3.030876348701762,370.34959681626646,Medium
2024-01-21 21:00:00,628.8770930752963,25.80837002606505,73.69128412668242,9.116281833790838,79.12671953411228,525.1532123278973,High
2024-01-21 22:00:00,447.62209302906217,38.59039800418997,80.97534682051658,4.4295221635774915,21.90570148966774,49.76848610812991,Low
2024-01-21 23:00:00,851.0360157655589,25.493182923153057,56.55421507974484,2.049013554767589,50.160345261570725,497.23024130054034,High
2024-01-22 00:00:00,747.7849380431035,30.96314869160214,49.61790981599415,9.774596407159148,3.508138859501737,326.41281053547027,Medium
2024-01-22 01:00:00,330.09355147591305,24.939859949069856,23.270727403565555,11.07896187198496,60.01626521750923,302.86690142537816,Medium
2024-01-22 02:00:00,928.741747595074,21.85538005871675,39.53734782483804,4.73441015645025,29.072461117868446,302.576534615967,Medium
2024-01-22 03:00:00,858.0297943385352,39.599441198995706,49.061742955648775,9.672489060334707,80.81272682618993,93.00736097537667,Low
2024-01-22 04:00:00,959.8399306335392,25.233350157876075,17.97403867116555,5.926963614172549,79.93063700406323,109.9794484169739,Low
2024-01-22 05:00:00,780.575606710688,37.352480091978364,29.855075744009014,10.698103249239265,29.2761556525573,344.56306160077776,Medium
2024-01-22 06:00:00,690.732156748632,20.748865147277154,63.840276465736494,2.9882291234107967,81.08648061214211,217.4623468077399,Medium
2024-01-22 07:00:00,534.5944290324951,20.327617600627082,76.20968028152708,13.353225039542615,89.6541906148901,496.01456159427346,High
2024-01-22 08:00:00,946.1827866832106,15.778352072112783,99.85127602536546,4.311143946983696,74.28740977115532,266.22428987895205,Medium
2024-01-22 09:00:00,892.8511116003267,31.291670634397125,93.98019982092019,5.5167898163422935,76.03842129797061,131.37017137138733,Low
2024-01-22 10:00:00,236.17493608495153,24.21315859309403,67.83086795816723,0.8713792812052468,22.41078624981809,370.3443560019687,Medium
2024-01-22 11:00:00,221.0935795978016,36.608956245990925,47.91232479646648,1.672683184819146,51.903215897198066,160.28149365491703,Low
2024-01-22 12:00:00,501.1706935024397,26.83024766728893,67.25596282374094,7.737928540684922,6.053032257063107,288.4678222139719,Medium
2024-01-22 13:00:00,848.4426646254664,39.20483569786804,80.70864562722087,4.013890150919572,8.542614313950274,392.9491745286129,Medium
2024-01-22 14:00:00,989.8209034519556,19.63813789257803,20.65025718310486,12.532203386132915,89.90033508299615,519.3975965275184,High
2024-01-22 15:00:00,320.33351288282256,36.71557919889027,46.891440072665944,0.22040082982430764,29.397532448331983,414.2049430092594,High
2024-01-22 16:00:00,675.304572281708,34.41492131979354,85.58220570720555,5.686410730079043,67.33655208439617,382.05080288473147,Medium
2024-01-22 17:00:00,504.7126853048172,34.2730461161013,44.54496567397396,5.06018320153639,72.59985477241348,373.194907163907,Medium
2024-01-22 18:00:00,975.9315182516825,36.11958070292219,61.46850441044679,0.28991446376401553,77.22209439065062,538.5063370000146,High
2024-01-22 19:00:00,873.695138508567,34.02559977357497,62.89924247759784,1.8655259850076533,89.78654676619409,209.02926554327325,Medium
2024-01-22 20:00:00,870.6629637689102,30.655508040785385,26.602862782027543,6.204640123779529,21.734683673118106,48.29443619840961,Low
2024-01-22 21:00:00,574.9545278359763,18.28112194205969,42.601189748705956,7.392968766711699,3.6315744173729736,165.18900390299635,Low
2024-01-22 22:00:00,531.8556018701322,15.813154487281299,40.1060159867739,6.064346208823037,37.00723661951274,139.91236015261669,Low
2024-01-22 23:00:00,418.725657544565,38.02119619539217,12.35770376788583,7.964065176181407,11.707260284605226,352.94293771438663,Medium
2024-01-23 00:00:00,245.1003973207417,30.41625786301845,12.177258750221972,8.926975123585223,2.0183300245849614,329.22075163567945,Medium
2024-01-23 01:00:00,891.7779010040425,34.91343227440441,84.85273393081961,0.14885731691753445,32.43841444273375,347.74799999003966,Medium
2024-01-23 02:00:00,850.3208073040621,27.038058787813753,34.576372897553114,6.961427391802558,70.53644259677128,63.96634081731734,Low
2024-01-23 03:00:00,999.7741386289044,17.93270472405986,56.62708896149339,14.452488613313825,50.95626221025638,425.6987904143262,High
2024-01-23 04:00:00,997.3094696591243,18.129644805063762,36.88530162298957,7.78548420194323,28.150019028931865,217.86940873651048,Medium
2024-01-23 05:00:00,644.345364482102,32.13913218072429,94.66113206038065,10.163134011884297,58.890780494344774,373.1777074879238,Medium
2024-01-23 06:00:00,815.1899321444084,25.757647372486566,33.336708297919635,4.677957868753248,20.881636227792963,322.83148855154127,Medium
2024-01-23 07:00:00,955.8125839059425,20.013118167508416,48.66911314650416,11.609870672291438,1.2943301464876522,219.43101125185999,Medium
2024-01-23 08:00:00,879.7179125419292,27.289863668535922,88.54572254361416,11.593822228141727,68.79180477927846,124.72233649035451,Low
2024-01-23 09:00:00,397.8784813945581,16.605223426878354,85.77402101126278,7.819440714812084,56.13687763776082,72.06685192768936,Low
2024-01-23 10:00:00,560.4353082480748,29.549285047859968,26.749127606164958,14.640207349188204,68.6072362050864,452.3253580953258,High
2024-01-23 11:00:00,303.327532121196,21.724835110877443,82.23789788161393,1.8832532214398006,3.504421501889905,474.60136709699003,High
2024-01-23 12:00:00,963.2408218069779,34.93897751592971,51.23681980641034,0.2542149733437149,75.34076650475869,389.18302043774565,Medium
2024-01-23 13:00:00,684.939707560704,22.759048973089342,53.46719848768197,11.55237317635644,55.7573580032673,94.45080469385809,Low
2024-01-23 14:00:00,382.9142444027702,26.38050372704503,22.01319751743494,12.107333060473238,50.70558156413761,224.47396276462217,Medium
2024-01-23 15:00:00,737.3605475246853,15.290513497702516,17.254136238141218,1.8031084368086436,56.21526433030784,410.54894255899967,High
2024-01-23 16:00:00,694.5025923663167,16.81117219486397,75.51453762763887,3.983742494379091,77.79899221815276,436.6425942409041,High
2024-01-23 17:00:00,486.5301744262724,24.81233891016712,54.68150371197698,0.26328545049943364,52.824285590301635,89.14706628512296,Low
2024-01-23 18:00:00,290.84607375970324,26.998470867928088,49.31656323536616,4.399629161708471,52.285534189936136,17.937005851470072,Low
2024-01-23 19:00:00,737.2585564742396,30.000513702982595,75.65574057871571,11.597128108780073,89.16112413591893,407.53918446936297,High
2024-01-23 20:00:00,616.2461607230346,22.29156446773258,78.89616090919988,7.769407915688684,68.10571503617112,218.43703723244067,Medium
2024-01-23 21:00:00,817.8547133885114,32.37454715316356,24.30173509024182,5.221433897524321,39.80644249060217,175.36804294837074,Low
2024-01-23 22:00:00,616.1308008895946,36.503059929730114,64.92026345298771,5.576089423594954,63.66573000296349,45.97225654278614,Low
2024-01-23 23:00:00,881.7452002548321,34.496274722333744,22.1818674049917,0.020304385732022312,35.03074245226097,321.1010053976346,Medium
2024-01-24 00:00:00,641.5254710195884,15.990470633708929,77.62375774261412,4.497007913478538,20.59879162351491,460.5882300414614,High
2024-01-24 01:00:00,648.7503772283089,27.012673681445726,69.12596406404256,9.696881124568957,53.716668919898346,518.9974996033166,High
2024-01-24 02:00:00,901.3228821266761,17.623254460454373,96.09531589751121,14.612916657245357,83.53638883025563,344.67045468918747,Medium
2024-01-24 03:00:00,522.7862929699177,21.051125396563187,16.206221472077907,12.705912404758493,83.62255680139165,293.0848066248576,Medium
2024-01-24 04:00:00,307.2121827605126,39.66656483167866,15.134924903612887,0.3539244696829369,30.771475029494127,59.98955121832874,Low
2024-01-24 05:00:00,223.02614105067119,18.56238857253783,35.39683672238802,13.47840907012259,47.490971959952546,287.94142520404984,Medium
2024-01-24 06:00:00,804.1098045388952,27.472203836283903,33.55351153623154,11.747976199479389,19.047230871287507,233.59859973029057,Medium
2024-01-24 07:00:00,696.2476410827717,30.45389335795298,32.22809191647998,11.705641853564707,89.6067998548995,352.24413872347145,Medium
2024-01-24 08:00:00,763.2638144793789,32.561624263602596,91.5629122468933,6.869936385053572,88.30061170811422,247.50340059850845,Medium
2024-01-24 09:00:00,370.3713292071286,28.991217087172853,32.45915798645555,5.970079394317542,58.45580367367026,143.47931789809275,Low
2024-01-24 10:00:00,309.0971804694158,15.244271185479592,34.47547535157679,4.543735932497889,72.3972653709726,67.9103389931843,Low
2024-01-24 11:00:00,211.63573253430553,23.1615327060998,78.34584361761674,0.9854228843154866,64.359014515533,171.06782385053666,Low
2024-01-24 12:00:00,480.47004704527757,27.942791084617788,50.4765858205486,3.423530452405487,53.384239713552134,78.04581464428375,Low
2024-01-24 13:00:00,671.9341494837065,17.196662478620834,79.9039501259663,3.699054524670369,4.8013197290007925,122.76210970584518,Low
2024-01-24 14:00:00,513.7952360797858,23.76567328022952,15.882954180794671,7.261156045653024,40.9287908297395,524.0309561486125,High
2024-01-24 15:00:00,549.9799376189833,15.830077719784164,53.88140743060459,11.21166609895041,60.730767195066946,256.973153901702,Medium
2024-01-24 16:00:00,923.3269555949987,16.964462428875517,13.025224016495436,7.107147425969199,60.97784524953162,324.61389507959,Medium
2024-01-24 17:00:00,478.6043736186403,24.9230819050399,15.638788310981907,0.8676667417074091,33.58103565801452,464.31104539099954,High
2024-01-24 18:00:00,611.1915913278486,18.31789385107651,91.57937080099698,14.366847014823058,84.75227879922275,539.8551142890605,High
2024-01-24 19:00:00,826.9224101929144,29.188521206538955,22.532083400583566,14.140864786411683,15.06213290131029,335.4711707911859,Medium
2024-01-24 20:00:00,517.2342258570161,32.236624228431644,57.91786140476954,11.777843147226125,45.03235015940046,437.2746824312077,High
2024-01-24 21:00:00,697.6693601822988,35.01466747772707,46.99860423406359,14.869918523463308,62.17955788957405,207.99415181506086,Medium
2024-01-24 22:00:00,889.8909669973962,20.003756106120253,41.26089936329584,8.167234992003944,62.74222253026283,209.77402420218678,Medium
2024-01-24 23:00:00,959.6164989261136,19.187064556476745,90.98500111185452,14.44152525379809,58.3775061091934,261.7815783388173,Medium
2024-01-25 00:00:00,317.65878474323034,17.614196008360008,11.964105709794055,1.1340756092512616,24.775939210667413,353.88552496077114,Medium
2024-01-25 01:00:00,941.2701001291955,30.910756238590917,69.74107175580302,5.48521122392057,14.058591181795977,391.100001084979,Medium
2024-01-25 02:00:00,593.6930344636305,32.66189316217253,96.70549907921954,3.3807190201014876,57.234629414403976,194.8554358953378,Low
2024-01-25 03:00:00,406.5955106391667,15.789653620641051,60.41513651156578,2.9374962620140503,53.937190452549395,91.80820859904965,Low
2024-01-25 04:00:00,567.3086049906091,38.405306156092244,94.31402158297827,2.112044233390141,16.142040926031687,346.59856264216216,Medium
2024-01-25 05:00:00,984.0260602283817,16.29928209128681,14.703209135742139,9.33620462348995,63.4625231013507,127.24174001237353,Low
2024-01-25 06:00:00,594.0944751942957,28.53240838252676,47.69139871667453,11.719827836209577,40.96547925602908,324.3592811854228,Medium
2024-01-25 07:00:00,463.0012882300066,32.72651298627291,33.414201186584606,8.67447599130541,60.09845324428376,376.04460872248467,Medium
2024-01-25 08:00:00,706.7206834533806,36.77422809365214,75.77388684826568,2.204440643823145,75.36303717931357,397.47747506822526,Medium
2024-01-25 09:00:00,392.11649502255443,32.85217330331069,98.31673814475221,12.166856549002064,15.275558571923085,397.6729464113115,Medium
2024-01-25 10:00:00,260.69066248693116,35.04320207674479,33.0877056199823,9.539320607455927,1.723038119715301,449.56406167360524,High
2024-01-25 11:00:00,303.10377752851934,23.486254813570152,68.8757141326667,5.8224855919049325,70.11923277562082,269.85766359919626,Medium
2024-01-25 12:00:00,302.43667116621793,35.3706278436628,27.82878694837661,10.111954433040944,54.87276826373544,383.9343255167319,Medium
2024-01-25 13:00:00,321.52215480983546,17.00287115961688,60.879722911444894,3.898574688642493,62.96756126599095,330.16146786371274,Medium
2024-01-25 14:00:00,311.0617381195281,37.37041640151319,51.75392380195026,5.177883127413158,75.43394774897783,114.08741567148762,Low
2024-01-25 15:00:00,712.6997958425717,28.689809403843405,97.48047966683833,13.762287646979853,72.25298413420505,59.92307601382478,Low
2024-01-25 16:00:00,345.50406751931587,35.43244424906234,64.76745454268199,4.357567585071306,86.48281322359422,166.18593260093604,Low
2024-01-25 17:00:00,476.53382665909055,26.307957112957503,41.455573487813695,7.049824022369049,48.23415709669064,250.45136838108905,Medium
2024-01-25 18:00:00,917.4307279248095,31.089442379913123,20.268620639914005,13.35211706094022,43.96460693939148,363.38772668775397,Medium
2024-01-25 19:00:00,579.1693122102979,28.160066523402833,23.612214586144113,10.615820254012911,36.16984799016571,458.5933455250543,High
2024-01-25 20:00:00,734.0461908168218,33.2897380438833,30.27852369561116,0.9330483924705413,13.832193855978408,137.08149438517296,Low
2024-01-25 21:00:00,337.85589696130387,17.04074955076474,32.58699952062682,2.2095456641845552,51.53465095938202,83.53686440274146,Low
2024-01-25 22:00:00,353.8312150469366,16.508802099764097,86.5554452057024,0.11762386157875226,24.931127189338092,501.3918480508202,High
2024-01-25 23:00:00,232.6948930131831,21.177580850253662,60.510050945427245,9.463826853437451,82.91767609916779,69.94469539859551,Low
2024-01-26 00:00:00,335.14805045773164,18.98861700282971,57.10518202369298,6.715101381156275,52.48717238493878,259.91204279844806,Medium
2024-01-26 01:00:00,422.8722712255669,36.794589164805046,20.32919846822957,2.014122763534133,53.35561624572991,318.93939143003405,Medium
2024-01-26 02:00:00,341.6083874213974,20.480349683951108,87.41257240144915,14.369011815851557,31.943219478930903,290.1925346459546,Medium
2024-01-26 03:00:00,270.9620270056445,39.39663139547828,75.05328728876353,7.944895859184299,4.679041677993673,56.84592267064561,Low
2024-01-26 04:00:00,296.50869688048067,23.422394794277672,16.090152571000143,3.6283994116933376,2.8569388835689757,43.52713789593021,Low
2024-01-26 05:00:00,568.6230144261806,19.55294789221748,73.70515875067917,7.509053567320613,38.100162973787775,85.98722656744553,Low
2024-01-26 06:00:00,365.066974724634,34.74246267856198,58.918439560838145,10.194304991026616,7.610884028751407,311.66463120750603,Medium
2024-01-26 07:00:00,491.4158888384604,31.467694387521902,17.355281117210044,1.1435882696034672,54.61622599861252,302.707522979997,Medium
2024-01-26 08:00:00,602.7338166838855,27.454892911328475,51.247057737579084,4.12055722571838,79.28757050756917,157.6269312942597,Low
2024-01-26 09:00:00,752.3158629034922,28.88408877344078,53.622665841704226,12.104482363259905,79.462333486685,369.7874805091616,Medium
2024-01-26 10:00:00,231.44971187287916,32.980044456806596,24.91970861469482,6.894973056039919,59.314086911900915,424.6569540271936,High
2024-01-26 11:00:00,839.5283191272341,20.711368533282467,95.11283323002542,8.198657130484424,19.01086483256379,66.31259796811133,Low
2024-01-26 12:00:00,702.3203115927263,39.90834790141855,86.49778343325957,6.492240033142039,77.66971482229849,296.3029914237275,Medium
2024-01-26 13:00:00,265.4072255590975,39.36982905366958,70.21201035961974,0.6584991396450768,79.74840917818874,362.6290793343522,Medium
2024-01-26 14:00:00,898.8628992854218,31.258142158673422,51.606600490054646,2.486246697302339,17.698822645766285,174.6344007296284,Low
2024-01-26 15:00:00,936.6979204254505,19.988561273228626,47.05889874260576,6.6831245811283635,66.36834771936095,214.53525828802455,Medium
2024-01-26 16:00:00,248.862367883891,32.00570606078229,68.58761204358588,3.137781981118917,25.786759403441064,320.68814855670706,Medium
2024-01-26 17:00:00,421.502118517763,16.804960224479395,59.088868246621495,0.749685429895181,72.23762811176367,476.809044489047,High
2024-01-26 18:00:00,844.9610238344491,15.766312555145152,15.604579529369705,12.654744960777355,89.75141099132424,464.0628044813534,High
2024-01-26 19:00:00,798.6077523069267,21.442072212780342,56.12523838932985,14.717887937461738,2.702340479645353,331.97507717767536,Medium
2024-01-26 20:00:00,347.6168154851018,26.565573918482908,82.57632555095556,11.897143109951092,80.76292792118387,388.7304889447052,Medium
2024-01-26 21:00:00,367.4794586693682,36.706812635209516,51.33158898372623,12.806773825570005,56.03674802387923,205.36128666612484,Medium
2024-01-26 22:00:00,496.3776822331056,33.1792267441577,14.676091979884157,3.6296569547556805,87.6044357248339,354.96495632957465,Medium
2024-01-26 23:00:00,587.618388152817,33.56766302999952,80.76503794456298,14.409404632697996,41.85085657737849,267.9366778347113,Medium
2024-01-27 00:00:00,694.6038172242368,25.637333361201883,28.122740392237695,2.953885566801426,76.26491375142363,141.47023691488474,Low
2024-01-27 01:00:00,495.13091165581795,23.648374813674074,33.275875139923485,14.271447155427484,5.6154661738449505,376.24354716275906,Medium
2024-01-27 02:00:00,570.0277729065183,24.27596907461507,24.823571808906628,14.922289409489265,30.175114507046615,310.55607472410384,Medium
2024-01-27 03:00:00,797.9767505070052,39.69123909340145,39.71935583843478,10.67584208619073,6.031488397608897,220.27918128264477,Medium
2024-01-27 04:00:00,229.3465623124783,16.002729785312063,78.10763551197715,14.71715597687733,87.78088201311635,471.6107550497094,High
2024-01-27 05:00:00,401.9495554752166,36.675787403061214,56.744727355354364,8.543096693506556,73.5276516544653,37.132182664382775,Low
2024-01-27 06:00:00,770.6796687076419,29.466885214309833,28.43931467356413,3.893126747641355,76.72926791213735,209.56137834339808,Medium
2024-01-27 07:00:00,916.1654701497595,25.965385479739762,89.00470703368367,6.554938284984313,84.41687082905048,91.43559954112649,Low
2024-01-27 08:00:00,609.3419536925329,33.13144151037841,89.16236694563763,8.90341403068179,7.659313750780682,414.76789828540575,High
2024-01-27 09:00:00,625.6907882122525,27.16672353561757,88.35205825414062,1.096223430405225,34.7037833262,387.16356369935727,Medium
2024-01-27 10:00:00,285.7376090718208,36.83558095204151,31.491659024338535,9.335148969258691,6.393140013960191,180.36893660887185,Low
2024-01-27 11:00:00,557.9298934587637,37.51754660028146,50.61154097628893,14.717667551434419,18.971379139502574,368.0801012302677,Medium
2024-01-27 12:00:00,626.0938131640185,25.543023171836385,98.64906905267875,2.8516147467559145,20.642919933390512,232.14539363527274,Medium
2024-01-27 13:00:00,393.9764029077837,21.920694930876287,79.48112286789913,11.88892674432575,42.21964899428208,401.52205928833894,High
2024-01-27 14:00:00,415.39458475950477,29.808758214834057,12.445067910300384,13.61848190669429,24.170595070827833,250.09274600695866,Medium
2024-01-27 15:00:00,501.8273304836981,37.80908364041727,15.868413213444285,14.155523892303313,9.088029613598499,232.2447019156508,Medium
2024-01-27 16:00:00,216.0569582221811,20.266554725141663,51.75382391310995,14.402034066081708,15.074198018469694,478.89155796003945,High
2024-01-27 17:00:00,457.6633324665426,30.57416458908707,91.82981852754041,7.821894580822079,13.254800719688184,149.6707690728,Low
2024-01-27 18:00:00,369.15840559723574,30.789005502313014,58.48316181574428,14.659618619872555,87.57691181210684,85.86597986296385,Low
2024-01-27 19:00:00,461.99788174233174,33.327825560382024,54.80312572308612,11.359653107016584,68.33632562266263,322.38728131322887,Medium
2024-01-27 20:00:00,295.80970545540094,18.289192128181494,19.492632996096752,2.4250715435544286,87.09853187426057,505.176856094709,High
2024-01-27 21:00:00,912.421824591916,32.895624117052215,69.11020942518647,7.15350159701955,39.57664378571177,242.56527443411878,Medium
2024-01-27 22:00:00,674.8739628432389,37.72581301664103,83.9892844540203,10.77496763058006,25.053163349639092,68.51935276355935,Low
2024-01-27 23:00:00,743.2818553155917,19.492077721756047,44.23780067568061,3.71010473728625,71.8463877488268,218.68386339471252,Medium
2024-01-28 00:00:00,831.3369908858706,20.93858312309694,79.80506658327947,9.609227753233311,29.362852623703212,299.9572157138538,Medium
2024-01-28 01:00:00,598.7537591432458,39.28487735104099,96.80289885107304,9.999007185699288,26.944503633481347,114.48432968189044,Low
2024-01-28 02:00:00,269.53623046993897,19.524423817737244,28.338981321492017,2.4404961571284884,20.925539298704805,343.78129632577037,Medium
2024-01-28 03:00:00,629.6852334548382,36.35962733423948,57.09966680752672,8.476279686791344,11.671108040181181,531.9920949313885,High
2024-01-28 04:00:00,669.4728944167033,27.30694641120087,35.8424162276118,11.574403664679116,23.08167549150894,262.77728406695434,Medium
2024-01-28 05:00:00,796.3515793474639,21.180776860079426,81.35689771304554,7.483434968039129,31.978777362649893,222.84104618989,Medium
2024-01-28 06:00:00,545.3276369837436,36.768747531812785,61.98340292930418,0.18154675164161138,60.65947873311573,234.96941864379733,Medium
2024-01-28 07:00:00,302.06424223645104,26.132631375066637,67.11241757952735,0.13557703618938266,5.630835799750642,73.05427334253635,Low
2024-01-28 08:00:00,427.0207246389796,27.870433848242257,81.81227436543047,5.355440159550183,18.945624569880867,464.78565346340946,High
2024-01-28 09:00:00,490.4658371189081,23.98083423499414,45.63734253962094,13.89291102647673,72.81212762625087,239.87208875631427,Medium
2024-01-28 10:00:00,716.733793065281,29.823771285873185,92.3581061566339,3.4301516940541315,13.222973122539369,231.5799735171776,Medium
2024-01-28 11:00:00,656.6226437351295,19.08809681462557,57.9725980521526,9.515455333075307,30.83806318702694,367.1760398914462,Medium
2024-01-28 12:00:00,484.877380718277,24.77703841629402,24.21593405518132,3.331138060399809,77.8193029672326,253.6456505663809,Medium
2024-01-28 13:00:00,989.2121990343837,39.23530805838219,72.63092063519221,4.825049844893229,13.943278002909839,376.64242451008806,Medium
2024-01-28 14:00:00,684.6198554855098,21.45333581752819,81.3935215394429,12.720631344022259,7.446315205637091,66.08700344855431,Low
2024-01-28 15:00:00,389.78143338879556,31.418416613532305,38.5085509360774,10.932921634049203,43.608419557200975,430.1280218156259,High
2024-01-28 16:00:00,281.425978096323,23.129751605617372,87.14613312988777,1.4309891596981594,27.217756015068275,486.0254494796569,High
2024-01-28 17:00:00,322.2873113474656,34.33682814216502,91.55289292891898,6.4305303147965045,50.70675280354687,344.1286459866697,Medium
2024-01-28 18:00:00,396.7661827076065,18.271841517958745,34.921403864002805,0.437546454678967,72.34244014351276,503.4997255255624,High
2024-01-28 19:00:00,328.54509860764455,39.24552612696362,98.51693254436998,7.213352199045135,12.343363933746884,93.04460138664453,Low
2024-01-28 20:00:00,349.2536192410446,26.34473853459098,22.664037524388256,9.936510175516021,52.26291760988565,260.22700084164,Medium
2024-01-28 21:00:00,428.0761349550777,20.9012615836616,28.181410156224096,1.7775393539722733,45.49578843508775,326.63509844715,Medium
2024-01-28 22:00:00,338.6988762358038,16.837418683250316,26.580235531422353,4.333274083637485,12.967090741187961,308.77925398062536,Medium
2024-01-28 23:00:00,917.4123397011401,19.24394762718852,90.45907390070833,5.967549382532354,56.159863697608415,258.0507847411609,Medium
2024-01-29 00:00:00,264.1869965293138,27.994348713900443,68.88632970924657,13.792965369840747,24.62763760746945,183.69739931206968,Low
2024-01-29 01:00:00,619.6091116562037,23.425079410782157,23.68938549000456,14.89882523134446,43.90508866896113,100.43779863298889,Low
2024-01-29 02:00:00,528.3174615917292,35.72208414706523,49.62910765315141,0.6736694849342378,7.404509184935569,223.15641647115172,Medium
2024-01-29 03:00:00,985.9028935268851,25.772188091545146,65.37682225628218,11.415118852430881,41.36256514922607,139.68765726560156,Low
2024-01-29 04:00:00,289.6311217344419,21.217856814690748,17.511767649044497,5.575860996035148,27.58171212385383,383.4396214932287,Medium
2024-01-29 05:00:00,518.2844792365934,30.42862466510075,89.41747315666049,5.8868727934422,74.01430900668188,138.85424006458786,Low
2024-01-29 06:00:00,975.5763466202951,32.669430422136145,82.32431818973816,11.31397460020534,5.128085429763145,79.17321193966504,Low
2024-01-29 07:00:00,892.4057007151843,19.176047697523746,55.46860962189744,13.776396482181129,37.67465474264969,328.2747043143357,Medium
2024-01-29 08:00:00,853.657656759424,19.190480407207943,97.04139537332534,14.263928917538227,41.25882817182942,348.1246191038506,Medium
2024-01-29 09:00:00,406.32226163595186,15.916785673338575,47.59848813475897,8.656838790574811,65.25054686692069,462.1643658944837,High
2024-01-29 10:00:00,336.71006991205263,33.41005037664101,98.56992871328481,5.356817389507542,51.68588175811899,309.1936778956085,Medium
2024-01-29 11:00:00,734.9145759395448,31.595113190545128,70.11279989232644,11.813236287881688,60.049110347476294,219.29303709571397,Medium
2024-01-29 12:00:00,943.5007913020686,26.865771893745347,67.12041459285473,3.765020748934504,69.93443570865806,463.34391264612646,High
2024-01-29 13:00:00,645.4103144111439,36.10426122422993,24.935940576620652,8.461110432502766,77.59826762923699,313.53945616056683,Medium
2024-01-29 14:00:00,657.2901515759199,35.14175382375133,89.37349824741796,5.3786769228730975,28.248794705022345,76.63079535072546,Low
2024-01-29 15:00:00,423.98327492822733,29.633859109918802,48.474071912855365,9.849466105618141,48.42204348275126,308.6866964751533,Medium
2024-01-29 16:00:00,815.5943465535495,36.70678201283147,24.60100652042314,3.6059836934026035,75.60972705952798,508.4927380238882,High
2024-01-29 17:00:00,349.6349988460187,20.146030250919207,11.134676797818313,2.8738941860223868,89.05060178685508,222.5569975920744,Medium
2024-01-29 18:00:00,458.9433891233949,17.7979904849432,60.37801152745443,13.773586300131557,80.05673799393868,179.27485055209243,Low
2024-01-29 19:00:00,540.3491508931334,21.74374028792474,57.46596599104087,1.5270552442430536,33.43205363619391,102.76662645254027,Low
2024-01-29 20:00:00,606.088302947564,16.427171402232872,74.74182601322427,7.589368616023975,17.564986549678537,108.39293897932163,Low
2024-01-29 21:00:00,393.9277859320642,28.2792382000258,90.1232247716022,3.312791744445134,44.04532836659298,239.9378378417577,Medium
2024-01-29 22:00:00,291.86945979136283,38.41514230737404,17.146592617872656,0.5839494498850117,66.74773066524381,316.76263486845824,Medium
2024-01-29 23:00:00,688.4960339533061,15.983588516712741,75.83468413063261,0.5402822743713959,44.331216367796785,81.5151413157004,Low
2024-01-30 00:00:00,430.90444259220465,18.052747850250668,26.8670749687824,2.62832658158741,43.48627769823017,495.493612253741,High
2024-01-30 01:00:00,664.9905771380897,26.30497570708588,87.23593478414476,13.001555317590004,75.44073789736206,421.9646442093003,High
2024-01-30 02:00:00,323.49017221936185,38.34687543819762,83.71571624754905,4.2371811596554,32.52634011604677,311.82467916742286,Medium
2024-01-30 03:00:00,584.912081483854,22.903902624418762,58.671437948698994,14.256887558629435,77.3815207330481,453.5230254015444,High
2024-01-30 04:00:00,626.0715460412687,27.68087021720981,73.92185187609803,8.724334394837904,36.61243208565512,76.4907339214972,Low
2024-01-30 05:00:00,241.45882945794153,16.0393214762598,38.29151018653735,6.549212846531491,29.540979511050548,252.07747596918801,Medium
2024-01-30 06:00:00,469.28342255513644,18.70858002405222,52.405110903953315,8.701332520041818,40.85909200797291,342.7717333452545,Medium
2024-01-30 07:00:00,307.5317415511794,39.665753073971175,83.94732079394245,7.750475778394017,68.62022628073817,434.39257295753725,High
2024-01-30 08:00:00,250.6999763782142,39.127967410901135,51.33386774558925,11.381643806359877,11.340182507759485,404.9015529517267,High
2024-01-30 09:00:00,991.9681859119562,15.123499523360241,42.20184387928976,4.237440989592784,17.677729428481566,192.0298664172339,Low
2024-01-30 10:00:00,457.88307597977837,38.79529463558097,54.47912025252699,5.295755874004536,85.63003430967828,502.0472482465843,High
2024-01-30 11:00:00,847.8995566837079,30.97799844538751,84.54243271934965,13.41141453799876,15.794246464322164,107.54388401078768,Low
2024-01-30 12:00:00,403.71252381101107,36.697957363000555,40.16872426337855,14.196847697256082,51.09545861379491,462.33640806829465,High
2024-01-30 13:00:00,745.2021777791434,26.368496390846477,25.63854338221694,13.388373412297117,52.13830199957441,531.3643617347752,High
2024-01-30 14:00:00,808.1822879117492,27.889900714481257,74.08126182977027,6.291719909359704,44.066201584522034,136.89999236604677,Low
2024-01-30 15:00:00,676.5109924862754,27.221164506423005,84.33803914372736,11.705482545103225,58.027072371913675,403.5821266865167,High
2024-01-30 16:00:00,577.2609508401267,31.67160643865261,19.057373067118,7.145035999516482,20.684405321785658,51.6592068162537,Low
2024-01-30 17:00:00,529.4727313178148,18.49128136890782,31.588670148035025,7.463097782191533,49.73960409990734,235.03744114378927,Medium
2024-01-30 18:00:00,479.09461323439626,15.749339746816949,22.77747907848945,3.0702016358592594,33.49559297222074,285.6625042961308,Medium
2024-01-30 19:00:00,943.6233153982607,22.698248539779772,41.31472704239499,8.866954548877747,59.55005336662701,349.99107178916563,Medium
2024-01-30 20:00:00,864.4955262301833,32.61701906841617,50.53158810148714,2.792038466300219,12.710118903583451,513.6351428646782,High
2024-01-30 21:00:00,972.02152853321,20.04633630307371,77.39437032669758,4.973470486007907,51.37896751555286,395.8245228601858,Medium
2024-01-30 22:00:00,299.43777878843576,31.835810833122935,68.60328263935068,12.825453024299026,16.674331984499133,256.7204034228668,Medium
2024-01-30 23:00:00,784.6939801629154,39.24780115268176,65.8835710730588,3.106137138162828,25.077875680353277,448.4452078259009,High
2024-01-31 00:00:00,950.6723654568302,17.34751789473546,41.71374519486889,1.067374277601492,19.68388202912249,526.9584560144903,High
